question,answer
Tell me about yourself,"I am a passionate professional with [X] years of experience in [your field]. I specialize in [specific skills] and have worked on [notable projects/achievements]. I'm particularly interested in [relevant industry trends] and enjoy [relevant professional interests]."
What are your greatest strengths?,"My greatest strengths include strong problem-solving abilities, excellent communication skills, and adaptability. I'm particularly skilled at [specific skill relevant to the job] and have a proven track record of [specific achievement]."
What is your greatest weakness?,"I used to struggle with [specific skill], but I've worked on improving it by [specific actions taken]. I've seen significant progress and continue to develop this skill through [ongoing efforts]."
Why do you want to work here?,"I'm impressed by [company's achievements/values/innovations]. The opportunity to work with [specific team/project] aligns perfectly with my career goals and interests in [relevant field]. I'm particularly excited about [specific aspect of the company]."
Where do you see yourself in five years?,"In five years, I aim to have grown into a [specific role] position, contributing significantly to [specific company goals]. I plan to develop my skills in [specific areas] and take on more leadership responsibilities."
Why should we hire you?,"I bring a unique combination of [specific skills] and [relevant experience] that directly align with your needs. My track record of [specific achievements] demonstrates my ability to deliver results. I'm particularly excited about [specific project/initiative] and believe I can make an immediate impact."
How do you handle stress and pressure?,"I handle stress by maintaining a structured approach to work, prioritizing tasks effectively, and taking regular breaks to maintain clarity. I've successfully managed high-pressure situations like [specific example] by [specific strategy]."
Describe a challenging situation at work and how you handled it,"I faced a challenge when [specific situation]. I handled it by [specific actions taken], which resulted in [positive outcome]. This experience taught me [specific lesson]."
What are your salary expectations?,"Based on my research of the market and my experience level, I'm looking for a salary in the range of [specific range]. However, I'm open to discussing the total compensation package, including benefits and growth opportunities."
How do you handle conflicts with coworkers?,"I believe in addressing conflicts directly and professionally. I focus on understanding different perspectives, finding common ground, and working towards a solution that benefits the team. For example, when [specific situation], I [specific approach]."
What is your leadership style?,"My leadership style is collaborative and results-oriented. I believe in empowering team members while providing clear direction and support. I've successfully led teams by [specific example] and achieved [specific results]."
How do you stay updated with industry trends?,"I stay updated through [specific methods like industry publications, conferences, online courses]. I'm particularly interested in [specific trends] and have implemented [specific examples] in my previous roles."
Describe your ideal work environment,"My ideal work environment is collaborative, innovative, and values continuous learning. I thrive in settings that encourage [specific aspects] and provide opportunities for [specific growth areas]."
How do you prioritize your work?,"I prioritize work by assessing urgency and importance, using tools like [specific methods/tools]. I regularly review and adjust priorities based on [specific criteria] and maintain clear communication with stakeholders."
What motivates you?,"I'm motivated by [specific factors like challenging projects, learning opportunities, making an impact]. I particularly enjoy [specific aspects of work] and find fulfillment in [specific achievements]."
How should I prepare for a job interview?,"1. Research the company thoroughly - understand their mission, values, recent news, and products/services. 2. Review the job description and match your skills to the requirements. 3. Prepare specific examples of your achievements. 4. Practice common interview questions. 5. Prepare questions to ask the interviewer. 6. Plan your outfit and route to the interview location. 7. Get a good night's sleep before the interview."
What are the most common interview mistakes to avoid?,"1. Arriving late or unprepared. 2. Dressing inappropriately. 3. Speaking negatively about previous employers. 4. Not doing company research. 5. Failing to ask questions. 6. Being too casual or unprofessional. 7. Not following up after the interview. 8. Talking too much or too little. 9. Not having specific examples ready. 10. Forgetting to bring necessary documents."
How should I answer behavioral interview questions?,"Use the STAR method: 1. Situation - Describe the context. 2. Task - Explain your responsibility. 3. Action - Detail what you did. 4. Result - Share the outcome. Keep answers concise (2-3 minutes), focus on your role, and highlight quantifiable results when possible."
What questions should I ask at the end of an interview?,"1. 'What are the key challenges someone in this role would face?' 2. 'How would you measure success in this position?' 3. 'What opportunities are there for professional development?' 4. 'What's the next step in the interview process?' 5. 'What do you enjoy most about working here?'"
How do I handle salary negotiation?,"1. Research market rates for the position. 2. Know your minimum acceptable salary. 3. Let the employer mention numbers first. 4. Consider the total compensation package. 5. Be prepared to justify your desired salary. 6. Practice your negotiation conversation. 7. Be professional and flexible."
What should I wear to a job interview?,"1. Research the company's dress code. 2. For corporate roles: Business professional (suit and tie for men, business suit for women). 3. For business casual: Dress pants/skirt with a blazer. 4. For creative roles: Smart casual. 5. Always ensure clothes are clean, pressed, and well-fitted. 6. Keep accessories minimal. 7. Wear comfortable, professional shoes."
How do I handle interview anxiety?,"1. Practice deep breathing exercises. 2. Prepare thoroughly to build confidence. 3. Get adequate sleep the night before. 4. Arrive early to settle in. 5. Remember that the interviewer wants you to succeed. 6. Focus on the conversation, not your nerves. 7. Have water handy. 8. Take a moment to think before answering."
What should I include in my interview portfolio?,"1. Updated resume. 2. List of references. 3. Work samples or portfolio (if applicable). 4. Certifications and credentials. 5. Notepad and pen. 6. Questions for the interviewer. 7. Company research notes. 8. Any required documents (ID, work permits)."
How do I follow up after an interview?,"1. Send a thank-you email within 24 hours. 2. Personalize the message with specific discussion points. 3. Reiterate your interest in the position. 4. Address any concerns raised during the interview. 5. Keep it concise and professional. 6. If no response after a week, send a polite follow-up."
What are red flags to watch for in an interview?,"1. Interviewer is unprepared or disorganized. 2. Company culture seems toxic or negative. 3. Job responsibilities are unclear or keep changing. 4. High turnover rate mentioned. 5. Unprofessional behavior from interviewers. 6. Vague answers to your questions. 7. Pressure to make an immediate decision."
How do I prepare for a virtual interview?,"1. Test your technology (camera, microphone, internet). 2. Choose a quiet, well-lit location. 3. Dress professionally (full outfit). 4. Have notes and resume handy. 5. Close other applications. 6. Practice with the video platform. 7. Have a backup plan for technical issues."
What are the different types of interview formats?,"1. Traditional one-on-one. 2. Panel interviews. 3. Group interviews. 4. Behavioral interviews. 5. Case study interviews. 6. Technical interviews. 7. Stress interviews. 8. Virtual interviews. 9. Phone screenings. 10. Assessment centers."
How do I handle illegal interview questions?,"1. Stay professional and calm. 2. Redirect to job-related qualifications. 3. Ask for clarification on how it relates to the job. 4. If uncomfortable, politely decline to answer. 5. Document the question for future reference. 6. Consider if you want to work for a company that asks such questions."
What are the best ways to research a company before an interview?,"1. Company website and social media. 2. Recent news articles. 3. Industry publications. 4. Company reviews on Glassdoor. 5. LinkedIn company page. 6. Annual reports. 7. Competitor analysis. 8. Employee testimonials."
How do I handle gaps in my employment history?,"1. Be honest and prepared to explain. 2. Focus on productive activities during the gap. 3. Highlight any skills gained. 4. Show how you stayed current in your field. 5. Emphasize your readiness to return to work. 6. Keep the explanation positive and forward-looking."

#software developent question
Question Number,Question,Answer,Category,Difficulty
1,What is the difference between compilation and interpretation?,Compilation translates source code into machine code creating an executable file. Interpretation translates and executes code line by line without an executable.,General Programming,Medium
2,Explain the concept of polymorphism.,"Polymorphism allows objects of different classes to be treated as objects of a common superclass enabling method overriding.",General Programming,Medium
3,Define encapsulation and give an example.,Encapsulation bundles data and methods in a class, restricting direct data access. Example: class with private data and public methods.,General Programming,Hard
4,What is an abstract class, and how is it different from an interface?,An abstract class can't be instantiated and can have abstract and concrete methods. An interface only has method signatures without implementations.,General Programming,Medium
5,Describe the principles of Object-Oriented Programming (OOP).,OOP principles include encapsulation inheritance polymorphism and abstraction promoting organized and maintainable code.",General Programming,Medium
6,What is the purpose of a constructor?,A constructor initializes object properties upon class instantiation ensuring a well-defined state.,General Programming,Medium
7,Explain the difference between stack and heap memory.,Stack memory stores local variables and function calls; heap memory is for dynamic allocation. Stack operates in LIFO heap managed manually or by garbage collection.",General Programming,Medium
8,What is a design pattern and can you name a few?,"Design patterns are solutions to common design problems. Examples: Singleton Factory Observer MVC.",General Programming,Medium
9,Define the term ""DRY"" in software development.",DRY (Don't Repeat Yourself) advocates for avoiding code duplication by reusing existing code.,General Programming,Medium
10,What is the SOLID principle?,"SOLID represents five design principles for OOP: Single Responsibility Open/Closed Liskov Substitution Interface Segregation Dependency Inversion.",General Program,Hard
11,What is the difference between an array and a linked list?,"An array has fixed size and stores elements in contiguous memory; a linked list consists of nodes with data and references allowing dynamic size."Data Structures,Easy
12,Explain the time complexity of an algorithm.,"Time complexity measures the time an algorithm takes relative to its input size expressed in Big O notation."Data Structures Hard
13,Describe the difference between a binary search tree and a hash table.,"A binary search tree is hierarchical maintaining order; a hash table maps keys to values for fast retrieval without maintaining order.",Data Structures,Medium
14,What is a linked list and how does it work?,"A linked list is a series of nodes each containing data and a reference to the next node allowing dynamic memory allocation and efficient insertions/deletions.",Data Structures,Medium
15,Explain the concept of recursion.,"Recursion is when a function calls itself to solve subproblems with a base case to terminate recursion.",Data Structures,Medium
16,"What is Big O notation, and why is it important?","Big O notation describes the upper bound of algorithm time complexity important for comparing efficiency and growth rates.",Data Structures,Medium
17,How do you perform a binary search on a sorted array?,"Binary search divides the search interval in half repeatedly comparing the middle element to the target.",Data Structures,Hard
18,Discuss the advantages and disadvantages of different sorting algorithms.,Sorting algorithms vary in time/space complexity and stability. Quick Sort and Merge Sort are fast but more complex; Insertion and Bubble Sort are simple but slower.,Data Structures,Medium
19,Explain how a hash table works.,"A hash table uses a hash function to map keys to values in an array allowing fast O(1) access.",Data Structures,Medium
20,What is dynamic programming?,"Dynamic programming solves complex problems by dividing them into smaller subproblems avoiding redundant calculations.",Data Structures,Hard
21,What is the difference between Java and JavaScript?,"Java is a compiled statically-typed language used for server-side mobile and desktop apps. JavaScript is an interpreted dynamically-typed language for web development."Languages and Frameworks Medium
22,Describe the MVC architectural pattern.,"MVC divides an application into Model (data) View (UI) and Controller (input handling) promoting separation of concerns.",Languages and Frameworks,Medium
23,What is a RESTful API?,"RESTful API is a web service implementation using HTTP methods to perform CRUD operations on resources adhering to stateless client-server architecture.",Languages and Frameworks,Medium
24,"Explain the use of ""this"" keyword in JavaScript.","""this"" in JavaScript refers to the execution context varying based on function calling global scope or event handlers.",Languages and Frameworks,Medium
25,What is a closure in programming?,A closure is a function with access to its outer scope variables even after the outer function has executed.,Languages and Frameworks,Medium
26,What are the differences between Python 2 and Python 3?,Python 3 has print as a function true division Unicode support by default and different syntax for exceptions unlike Python 2,Languages and Frameworks,Medium
27,Discuss the role of a package manager like npm or pip.,"Package managers manage installation update and dependency resolution of libraries simplifying library management in development.",Languages and Frameworks,Hard
28,Explain the concept of multi-threading in Java.,"Multi-threading in Java allows concurrent execution of multiple threads improving application responsiveness and performance.",Languages and Frameworks,Medium
29,What is a Singleton pattern?,"Singleton ensures a class has only one instance and provides a global access point to it useful for shared resources.",Languages and Frameworks,Medium
30,What is a virtual function in C++?,"Virtual functions in C++ allow derived classes to override them enabling runtime polymorphism and dynamic method dispatch.",Languages and Frameworks,Medium
31,"What is a database index, and why is it important?","A database index speeds up data retrieval similar to a book's index improving query performance.",Database and SQL,Medium
32,Explain the differences between SQL and NoSQL databases.,SQL databases use structured query language with a predefined schema; NoSQL databases store schema-less data with flexible models.,Database and SQL,Medium
33,What is a foreign key in a database?,"A foreign key links two tables by referring to the primary key in another table ensuring referential integrity.",Database and SQL,Medium
34,Describe the ACID properties in database transactions.,"ACID: Atomicity (indivisible transactions) Consistency (consistent state transitions) Isolation (independent transactions) Durability (persisted changes).",Database and SQL,Hard
35,How do you optimize a SQL query for better performance?,"Optimize using indexes efficient SQL limiting data retrieval analyzing query performance and considering denormalization.",Database and SQL,Easy
36,What is normalization in database design?,"Normalization organizes data into separate tables to reduce redundancy and improve integrity following normalization forms.",Database and SQL,Hard
37,Explain the difference between INNER JOIN and LEFT JOIN in SQL.,INNER JOIN returns matching rows from both tables; LEFT JOIN returns all rows from the left table and matching rows from the right.,Database and SQL,Medium
38,"What is a stored procedure, and when would you use one?","Stored procedures are precompiled SQL statements for data manipulation and logic used for repetitive tasks and improving performance.",Database and SQL,Medium
39,"What is database denormalization, and when is it appropriate?","Denormalization introduces redundancy for performance useful in read-heavy scenarios at the expense of storage and complexity.",Database and SQL,Medium
40,Discuss the advantages and disadvantages of using an ORM tool.,ORM simplifies database interactions and is language-agnostic. It can introduce performance overhead and may limit database features.,Database and SQL,Medium
41,What is the Document Object Model (DOM)?,"The DOM is a tree-like representation of a web page's structure allowing manipulation of content structure and style via programming languages.",Web Development,Hard
42,Explain the difference between HTTP and HTTPS.,"HTTP is an unsecured data transmission protocol; HTTPS is secure encrypting data in transit using SSL/TLS.",Web Development,Medium
43,What is CORS (Cross-Origin Resource Sharing)?,"CORS is a security measure allowing or restricting resources requested from another domain managed via HTTP headers.",Web Development,Medium
44,Describe the purpose of a web server like Apache or Nginx.,"Web servers handle HTTP requests serve content manage security routing and can act as reverse proxies for application servers.",Web Development,Medium
45,"What is a cookie, and how does it work?","Cookies are data stored on the user's computer by the web server sent with HTTP requests for session management tracking and storing preferences.",Web Development,Hard
46,What is a session in web development?,"A session maintains stateful information across multiple HTTP requests typically for user authentication and data storage.",Web Development,Medium
47,Explain the concept of responsive web design.,"Responsive design ensures web content functions across different devices and screen sizes using CSS media queries and flexible layouts.",Web Development,Medium
48,Describe the differences between GET and POST requests.,"GET requests retrieve data and include parameters in the URL; POST requests send data to the server encapsulating data in the request body.",Web Development,Medium
49,What is the importance of SEO in web development?,"SEO enhances a website's visibility in search engine results improving organic traffic and user reach through optimized content and structure.",Web Development,Medium
50,How does a web browser render a web page?,"Browsers parse HTML to create a DOM fetch resources build a rendering tree apply CSS calculate layout and paint the page on the screen.",Web Development,Medium
51,"What is unit testing, and why is it important?","Unit testing evaluates individual code components ensuring correctness and facilitating early defect detection.",Software Testing,Medium
52,Explain the difference between black-box and white-box testing.,Black-box tests functionality without internal code knowledge; white-box tests internal code logic and structure.,Software Testing,Hard
53,What is regression testing?,"Regression testing ensures new code changes don't break existing features maintaining functionality over updates.",Software Testing,Easy
54,Describe the purpose of code reviews.,"Code reviews identify defects improve quality enforce standards and facilitate knowledge sharing.",Software Testing,Hard
55,What is continuous integration (CI) and continuous delivery (CD)?,CI involves frequent code integration and testing; CD extends CI by deploying changes to production automatically after testing.,Software Testing,Medium
56,Explain the concept of code coverage in testing.,"Code coverage measures the extent of code tested assessing test thoroughness and identifying untested areas.",Software Testing,Medium
57,What is a test case and how do you write one?,"A test case outlines test conditions inputs and expected results structured with objective steps and documentation.",Software Testing,Medium
58,"What is load testing, and why is it necessary?","Load testing evaluates system performance under expected load conditions identifying bottlenecks and scalability issues.",Software Testing,Medium
59,Describe the differences between manual and automated testing.,Manual testing is human-driven; suitable for exploratory and UX testing. Automated testing uses tools for repetitive tasks; suitable for regression and performance testing.,Software Testing,Hard
60,What is a bug tracking system?,"A bug tracking system logs manages and resolves issues in software development ensuring systematic problem handling.",Software Testing,Medium
61,"What is Git, and how does it work?","Git is a distributed version control system for tracking changes in source code allowing collaborative work and branch management.",Version Control,Medium
62,Explain the difference between Git and SVN (Subversion).,"Git is distributed, with local repository copies; SVN is centralized requiring network connectivity for repository access.",Version Control,Hard
63,"What is a merge conflict, and how do you resolve it in Git?",Merge conflicts occur when changes in different branches clash. Resolve by manually editing files and committing the result.,Version Control,Medium
64,Describe the purpose of branching in version control.,"Branching isolates development work without affecting other parts of the repository aiding in feature development and experimentation.",Version Control,Medium
65,"What is a pull request (PR), and how does it work?","A PR is a request to merge code from one branch to another facilitating code review and discussion before integration.",Version Control,Medium
66,How do you handle code conflicts in a team project?,"Resolve code conflicts through communication careful review, manual merging testing and documenting resolutions.",Version Control,Medium
67,"What is code refactoring, and why is it important?","Refactoring improves code structure and readability without altering functionality enhancing maintainability and quality.",Version Control,Medium
68,Explain the role of Git branching strategies like GitFlow.,"GitFlow organizes branches and releases defining naming conventions and branch purposes for structured and organized development.",Version Control,Medium
69,"What is Git rebase, and when would you use it?",Git rebase re-applies commits onto another base for a cleaner history. Use with caution to maintain a linear project history.,Version Control,Hard
70,Discuss the advantages of distributed version control systems.,"Distributed systems allow offline work flexible branching/merging faster operations redundancy and collaborative workflows.",Version Control,Medium
71,Describe the concept of microservices architecture.,"Microservices architecture consists of small independent services communicating via APIs each responsible for specific functionality promoting scalability and maintenance.",System Design,Medium
72,"What is a load balancer, and why is it used in web applications?","A load balancer distributes incoming traffic across servers ensuring resource efficiency fault tolerance and high availability.",System Design,Medium
73,Explain the importance of caching in web applications.,"Caching stores frequently accessed data for faster retrieval reducing backend load improving performance and enhancing user experience.",System Design,Medium
74,What is a CDN (Content Delivery Network)?,"A CDN is a network of servers for delivering content efficiently to users based on geographic proximity reducing latency and load times.",System Design,Medium
75,Discuss the pros and cons of monolithic vs. microservices architecture.,Monolithic is simple but less scalable; microservices offer scalability and flexibility but are complex to manage.,System Design,Medium
76,What is a stateless vs. stateful service?,"Stateless services don't retain client data between requests; stateful services maintain client state useful for sessions and transactions.",System Design,Hard
77,Explain the concept of CAP theorem in distributed systems.,"The CAP theorem states that in a distributed system you cannot simultaneously guarantee Consistency Availability and Partition Tolerance at all times.",System Design,Easy
78,How do you ensure data consistency in a distributed database?,"Ensure consistency using strong consistency models, two-phase commits optimistic concurrency control and conflict resolution strategies.",System Design,Hard
79,Describe the role of a reverse proxy in a web application.,"A reverse proxy routes client requests to appropriate servers providing load balancing SSL termination caching and security.",System Design,Medium
80,"What is a message broker, and when would you use one?","A message broker facilitates communication in distributed systems through asynchronous messaging used in event-driven architectures and high-volume scenarios.",System Design,Medium
81,"What is SQL injection, and how can it be prevented?","SQL injection exploits vulnerabilities to execute malicious SQL. Prevent with parameterized queries input validation and least privilege access.",Security,Medium
82,Explain the concept of Cross-Site Scripting (XSS).,"XSS injects malicious scripts into web apps executed by users' browsers. Prevent with input validation output encoding and CSP.",Security,Medium
83,What is two-factor authentication (2FA)?,2FA adds extra security by requiring two verification forms: something known (password) and something possessed (device).,Security,Hard
84,Describe the process of password hashing and salting.,"Hashing transforms passwords into hashes using algorithms; salting adds randomness enhancing security against attacks.",Security,Medium
85,"What is OAuth, and how does it work?","OAuth allows third-party app access to user data without exposing credentials using access tokens for authorization.",Security,Medium
86,How do you protect against session fixation attacks?,"Protect by regenerating session IDs post-authentication using unpredictable IDs and tying IDs to user authentication.",Security,Medium
87,Explain the principles of least privilege and defense in depth.,Least privilege limits access rights; defense in depth layers security. Both minimize attack surfaces and provide redundancy.,Security,Hard
88,What is a DDoS (Distributed Denial of Service) attack?,"A DDoS attack overwhelms a target with traffic causing unavailability. Mitigate with DDoS protection rate limiting and traffic analysis.",Security,Medium
89,How can you secure sensitive data in a mobile app?,"Secure data by encrypting at rest and in transit using secure authentication and following best practices.",Security,Medium
90,Discuss the importance of security in API design.,"API security is vital to protect data and prevent unauthorized access using authentication validation rate limiting and encryption.",Security,Medium
91,"What is Docker, and how does it work?","Docker is a containerization platform packaging applications with dependencies ensuring consistent environments across systems.",DevOps,Medium
92,Explain the concept of container orchestration.,"Container orchestration automates deployment scaling and management of containers optimizing resource use and handling failures.",DevOps,Medium
93,"What is Kubernetes, and why is it popular in container management?","Kubernetes is an open-source container orchestration platform automating deployment and management known for its scalability and community support.",DevOps,Medium
94,Describe the process of continuous integration and continuous delivery (CI/CD).,"CI/CD automates build test and deployment processes delivering code changes rapidly and reliably to production.",DevOps,Hard
95,What is infrastructure as code (IaC)?,"IaC manages infrastructure using code ensuring consistency automation and version control in deployments.",DevOps,Easy
96,How do you monitor the performance of a web application?,"Monitor using tools to collect and analyze data on response times resource utilization error rates and user experience.",DevOps,Hard
97,Discuss the importance of automated testing in CI/CD pipelines.,"Automated testing in CI/CD ensures code changes are defect-free enhancing reliability and speeding up delivery.",DevOps,Medium
98,"What is Blue-Green deployment, and when would you use it?",Blue-Green deployment alternates between two production environments for easy rollbacks and minimal downtime during updates.,DevOps,Medium
99,Explain the role of a configuration management tool like Ansible.,"Configuration management tools automate provisioning and management of software and infrastructure ensuring consistency and efficiency.",DevOps,Medium
100,"Describe the benefits of using a cloud platform like AWS Azure or Google Cloud.","Cloud platforms offer scalability cost-efficiency global reach and managed services reducing operational burdens with security and compliance features.",DevOps,Medium
101,Explain the concept of 'closure' in JavaScript.,A closure is a function that remembers its outer variables and can access them.,Front-end,Hard
102,Describe the use of Docker in a DevOps environment.,"Docker allows for packaging applications in containers, facilitating consistent deployment across different environments.",DevOps,Medium
103,What is a 'race condition' in software development?,A race condition occurs when the system's behavior depends on the sequence or timing of other uncontrollable events.,Back-end,Medium
104,How would you optimize a website's load time?,"Optimizations can include minimizing HTTP requests using CDNs compressing files caching, etc.",Front-end,Hard
105,What is the difference between SQL and NoSQL databases?,"SQL databases are structured, use SQL and are better for complex queries. NoSQL databases are flexible scale well and are good for hierarchical data storage.",Back-end,Medium
106,Can you explain the concept of 'state' in React?,State in React is an object that holds some information that may change over the lifecycle of the component.,Front-end,Medium
107,What is continuous integration in DevOps?,Continuous integration is the practice of automating the integration of code changes into a software project.,DevOps,Medium
108,How do you implement a binary search algorithm?,"Binary search involves repeatedly dividing in half the portion of the list that could contain the item until you've narrowed the possibilities to just one.",Full-stack,Medium
109,Describe the MVC architecture.,"MVC architecture stands for Model-View-Controller separating the application into three interconnected components.",Full-stack,Medium
110,What are microservices and how do they differ from monolithic architectures?,"Microservices are a software development technique a variant of the service-oriented architecture architectural style that structures an application as a collection of loosely coupled services. In a monolithic architecture all components are interconnected and interdependent.",Back-end,Medium
111,Explain the difference between '==' and '===' in JavaScript.,"'==' compares values after type conversion while '===' compares both value and type.",Front-end,Hard
112,What is Kubernetes and how does it relate to containerization?,"Kubernetes is an open-source platform for automating deployment scaling and operations of application containers across clusters of hosts.",DevOps,Medium
113,Describe how you would implement a RESTful API in a back-end application.,"A RESTful API is implemented by setting up HTTP routes (GET, POST, PUT, DELETE) and handling requests and responses in a stateless manner, often using JSON.",Back-end,Medium
114,What are the benefits of server-side rendering vs client-side rendering?,"Server-side rendering improves initial page load time and SEO while client-side rendering is good for dynamic websites with less initial loading content.",Front-end,Medium
115,How do NoSQL databases handle data scaling compared to traditional SQL databases?,NoSQL databases are generally more scalable and provide superior performance for large-scale applications due to their flexibility in handling unstructured data.,Back-end,Medium
116,Explain the use of hooks in React.,Hooks are functions that let you 'hook into' React state and lifecycle features from function components.,Front-end,Medium
117,What is Infrastructure as Code (IaC) and its significance in DevOps?,"IaC is the management of infrastructure (networks, virtual machines, load balancers, etc.) in a descriptive model, using code which increases development and deployment speed.",DevOps,Medium
118,Describe the process of memoization in programming.,Memoization is an optimization technique used to speed up programs by storing the results of expensive function calls.,Full-stack,Hard
119,What are the advantages of using a microservices architecture?,"Advantages include easier scalability flexibility in choosing technology better fault isolation and improved continuous deployment.",Back-end,Easy
120,Explain the SOLID principles in software engineering.,"SOLID stands for Single Responsibility Open-Closed Liskov Substitution Interface Segregation and Dependency Inversion principles guiding towards more maintainable understandable and flexible software.",Full-stack,Hard
121,What is lazy loading in web development?,"Lazy loading is a design pattern that delays loading of non-critical resources at page load time reducing initial load time and page weight.",Front-end,Medium
122,Discuss the role of a load balancer in a distributed system.,A load balancer distributes network or application traffic across multiple servers to enhance responsiveness and availability of applications.,DevOps,Medium
123,How does indexing improve database query performance?,"Indexing speeds up data retrieval operations by effectively creating a smaller faster version of the database table.",Back-end,Medium
124,Explain event delegation in JavaScript.,Event delegation refers to the practice of using a single event listener to manage all events of a specific type for child elements.,Front-end,Medium
125,Explain the concept of 'closure' in JavaScript.,A closure is a function that remembers its outer variables and can access them.,Front-end,Hard
126,Describe the use of Docker in a DevOps environment.,"Docker allows for packaging applications in containers facilitating consistent deployment across different environments.",DevOps,Medium
127,What is a 'race condition' in software development?,A race condition occurs when the system's behavior depends on the sequence or timing of other uncontrollable events.,Back-end,Hard
128,How would you optimize a website's load time?,"Optimizations can include minimizing HTTP requests using CDNs compressing files caching etc.",Front-end,Medium
129,What is the difference between SQL and NoSQL databases?,"SQL databases are structured use SQL and are better for complex queries. NoSQL databases are flexible scale well and are good for hierarchical data storage.",Back-end,Medium
130,Can you explain the concept of 'state' in React?,State in React is an object that holds some information that may change over the lifecycle of the component.,Front-end,Medium
131,What is continuous integration in DevOps?,Continuous integration is the practice of automating the integration of code changes into a software project.,DevOps,Medium
132,How do you implement a binary search algorithm?,"Binary search involves repeatedly dividing in half the portion of the list that could contain the item until you've narrowed the possibilities to just one.",Full-stack,Medium
133,Describe the MVC architecture.,"MVC architecture stands for Model-View-Controller separating the application into three interconnected components.",Full-stack,Medium
134,What are microservices and how do they differ from monolithic architectures?,"Microservices are a software development technique a variant of the service-oriented architecture architectural style that structures an application as a collection of loosely coupled services. In a monolithic architecture all components are interconnected and interdependent.",Back-end,Hard
135,Explain the difference between '==' and '===' in JavaScript."'==' compares values after type conversion, while '===' compares both value and type.",Front-end,Easy
136,What is Kubernetes and how does it relate to containerization?,"Kubernetes is an open-source platform for automating deployment scaling and operations of application containers across clusters of hosts.",DevOps,Hard
137,Describe how you would implement a RESTful API in a back-end application.,"A RESTful API is implemented by setting up HTTP routes (GET, POST, PUT, DELETE) and handling requests and responses in a stateless manner often using JSON.",Back-end,Medium
138,What are the benefits of server-side rendering vs client-side rendering?,"Server-side rendering improves initial page load time and SEO while client-side rendering is good for dynamic websites with less initial loading content.",Front-end,Medium
139,How do NoSQL databases handle data scaling compared to traditional SQL databases?,NoSQL databases are generally more scalable and provide superior performance for large-scale applications due to their flexibility in handling unstructured data.,Back-end,Medium
140,Explain the use of hooks in React.,Hooks are functions that let you 'hook into' React state and lifecycle features from function components.,Front-end,Medium
141,What is Infrastructure as Code (IaC) and its significance in DevOps?,"IaC is the management of infrastructure (networks, virtual machines, load balancers, etc.) in a descriptive model using code which increases development and deployment speed.",DevOps,Hard
142,Describe the process of memoization in programming.,Memoization is an optimization technique used to speed up programs by storing the results of expensive function calls.,Full-stack,Medium
143,What are the advantages of using a microservices architecture?,"Advantages include easier scalability flexibility in choosing technology better fault isolation and improved continuous deployment.",Back-end,Medium
144,Explain the SOLID principles in software engineering.,"SOLID stands for Single Responsibility Open-Closed Liskov Substitution Interface Segregation and Dependency Inversion principles guiding towards more maintainable understandable and flexible software.",Full-stack,Hard
145,What is lazy loading in web development?,"Lazy loading is a design pattern that delays loading of non-critical resources at page load time, reducing initial load time and page weight.",Front-end,Medium
146,Discuss the role of a load balancer in a distributed system.,A load balancer distributes network or application traffic across multiple servers to enhance responsiveness and availability of applications.,DevOps,Medium
147,How does indexing improve database query performance?,"Indexing speeds up data retrieval operations by effectively creating a smaller faster version of the database table.",Back-end,Medium
148,Explain event delegation in JavaScript.,Event delegation refers to the practice of using a single event listener to manage all events of a specific type for child elements.,Front-end,Medium
149,Explain the concept of 'closure' in JavaScript.,A closure is a function that remembers its outer variables and can access them.,Front-end,Medium
150,Describe the use of Docker in a DevOps environment.,"Docker allows for packaging applications in containers facilitating consistent deployment across different environments.",DevOps,Medium
151,Design a distributed key-value store.,"Focus on data partitioning replication for fault tolerance consistency models and handling node failures.",System Design,Hard
152,Implement a function to check if a binary tree is balanced.,Use a recursive function to check the height of each subtree; return false if the difference is more than one.,Algorithms,Hard
153,Design a URL shortening service like bit.ly.,"Consider efficient hashing collision resolution database schema, scalability and API rate limiting.",System Design,Hard
154,Design a recommendation system for a large e-commerce platform.,"Use collaborative filtering content-based filtering or hybrid methods; consider scalability and real-time processing.",Machine Learning,Hard
155,Write an algorithm to find the median of a stream of numbers.,"Use two heaps (max heap for lower half, min heap for upper half) to maintain the median.",Algorithms,Hard
156,Explain the Raft consensus algorithm.,"Discuss leader election, log replication, safety, and how Raft achieves consensus in a distributed system.",Distributed Systems,Hard
157,"Optimize a global, high-traffic content delivery network.","Use strategies like caching edge locations load balancing and optimizing routing and data compression.",Networking,Hard
158,Design a chat application that can scale to millions of users.,"Consider websocket protocol for real-time communication efficient message broadcasting and scalable backend architecture.",System Design,Hard
159,Implement a garbage collector for a programming language.,"Understand memory management concepts like mark-and-sweep reference counting and generational collection.",Low-level Systems,Hard
160,Design a scalable notification system for a social network.,"Focus on system architecture push vs. pull models handling peak loads, database optimization and message queuing.",System Design,Hard
161,Explain the workings of the TCP protocol for a low-latency network.,"Focus on the three-way handshake congestion control (like TCP Fast Open, and CUBIC) and optimizing for reduced latency.",Networking,Hard
162,Design and implement a concurrent hash map.,Implement with fine-grained locking or lock-free techniques to ensure thread safety and high concurrency.,Data Structures,Hard
163,Find the Kth largest element in a stream of numbers.,"Utilize a min-heap to keep track of the K largest elements, ensuring efficient insertion and extraction.",Algorithms,Hard
164,Implement Google's PageRank algorithm.,Use graph-based algorithms focusing on eigenvector calculation and iterative approaches.,Algorithms,Hard
165,Design an API rate limiter for a web service.,"Use token bucket or leaky bucket algorithms consider distributed storage for scalability.",System Design,Hard
166,Optimize database queries for a high-traffic website.,"Focus on indexing query optimization, using caching database sharding and efficient schema design.",Database Systems,Hard
167,Create a secure and scalable authentication system for a web application.,"Implement OAuth for third-party integrations use JWT for stateless authentication and ensure protection against common security vulnerabilities.",Security,Hard
168,Design a system for efficient storage and retrieval of large-scale time-series data.,"Optimize for write-heavy loads, use time-based partitioning efficient indexing and consider data compression techniques.",Database Systems,Hard
169,Explain how a blockchain works and how to implement one.,"Focus on cryptographic hashing decentralized consensus algorithms (like Proof of Work) and the maintenance of a distributed ledger.",Distributed Systems,Hard
170,Design an efficient parking lot management system.,"Use object-oriented design principles focus on efficiently handling different vehicle sizes and optimizing space usage.",System Design,Hard
171,Develop a machine learning model to predict stock prices.,"Consider time series analysis regression models and reinforcement learning; pay attention to features and data preprocessing.",Machine Learning,Hard
172,Write a custom memory allocator for a C++ application.,"Discuss memory pool allocation handling fragmentation and optimizing for allocation/deallocation speed.",Low-level Systems,Hard
173,Design a real-time multiplayer online game architecture.,"Focus on handling high network traffic efficient state synchronization, latency reduction, and scalability.",System Design,Hard
174,Implement a distributed file system.,"Address challenges in data distribution replication fault tolerance consistency and performance.",Distributed Systems,Hard
175,Optimize a search algorithm for a large dataset in a distributed environment.,Implement distributed searching algorithms like MapReduce for scalability and efficiency.,Algorithms,Hard
176,Design a data pipeline for processing big data in real-time.,"Utilize stream processing frameworks (like Apache Kafka, Spark Streaming), ensure fault tolerance and manage backpressure.",Data Engineering,Hard
177,Build a high-frequency trading system and discuss its components.,"Focus on low latency high throughput reliable data feeds order execution systems and concurrent algorithms.",System Design,Hard
178,Develop a deep learning model to analyze and interpret medical images.,"Use convolutional neural networks pay attention to dataset quality and preprocessing and handle class imbalances.",Machine Learning,Hard
179,Create an AI that can play a complex board game at a competitive level.,"Implement advanced AI techniques like Monte Carlo Tree Search deep learning and reinforcement learning.",Artificial Intelligence,Hard
180,Design a fraud detection system for online transactions.,"Use machine learning for anomaly detection implement rule-based systems for known fraud patterns ensure real-time processing.",Security,Hard
181,Implement a distributed graph processing framework.,"Discuss vertex-centric computation message passing between nodes and optimizations for large-scale processing.",Distributed Systems,Hard
182,Design a global video streaming service like Netflix.,"Focus on CDN usage, adaptive bitrate streaming content caching strategies and handling peak traffic loads.",System Design,Hard
183,Create a system to efficiently match job seekers with job postings.,"Use NLP for parsing resumes implement ranking algorithms and optimize for search and matching efficiency.",Algorithms,Hard
184,Design and implement a large-scale distributed cache system.,"Consider consistency data partitioning eviction policies and fault tolerance in distributed caching.",Distributed Systems,Hard
185,Optimize network protocols for a satellite communication system.,"Address latency, data loss, and bandwidth issues; optimize for long-distance and high-latency networks.",Networking,Hard
186,Develop an autonomous vehicle's path planning algorithm.,"Implement algorithms considering real-time obstacle avoidance dynamic path adjustments and efficient routing.",Algorithms,Hard
187,Design a scalable and reliable messaging system for a large corporation.,"Utilize message queues (like Kafka, RabbitMQ) ensure fault tolerance and implement load balancing.",System Design,Hard
188,Implement a natural language processing algorithm to understand and answer user queries.,"Use NLP techniques like tokenization parsing and deep learning models for understanding and generating responses.",Machine Learning,Hard
189,Create an efficient algorithm for real-time anomaly detection in network traffic.,Implement statistical models or machine learning algorithms to detect unusual patterns indicative of anomalies.,Algorithms,Hard
190,Design a system to manage and process Internet of Things (IoT) data.,"Focus on handling large-scale data influx real-time processing data storage and analytics.",System Design,Hard
191,Build a compiler for a new programming language.,"Discuss lexical analysis parsing syntax tree generation semantic analysis and code generation.",Low-level Systems,Hard
192,Implement a robust text editor with features like auto-complete and syntax highlighting.,"Consider efficient data structures for text storage (like gap buffers) and algorithms for syntax parsing.",Algorithms,Hard
193,Design a scalable infrastructure for an online advertising platform.,"Focus on handling high-volume traffic data analytics ad targeting algorithms and ensuring low-latency responses.",System Design,Hard
194,Develop a machine learning algorithm to detect fake news on social media.,"Use NLP for text analysis implement classification algorithms and consider the challenge of unstructured data.",Machine Learning,Hard
195,Optimize an SQL database for a high-volume financial transaction system.,"Focus on transaction isolation levels indexing strategies query optimization and database sharding.",Database Systems,Hard
196,Design a cloud-based virtual desktop infrastructure.,"Address virtualization technologies resource allocation security and remote access protocols.",System Design,Hard
197,Create a real-time sports analytics system using sensor data.,"Utilize streaming data processing machine learning for pattern recognition and efficient data storage solutions.",Data Engineering,Hard
198,Implement a quantum algorithm for solving a well-known computational problem.,"Discuss quantum computing principles qubit manipulation, and specific algorithms like Grover's or Shor's algorithm.",Algorithms,Hard
199,Design a secure mobile payment system for developing countries.,"Focus on security protocols offline capabilities user authentication and low-resource optimizations.",Security,Hard
200,Build a scalable image processing pipeline for a photo-sharing app.,"Implement distributed processing efficient storage and consider ML techniques for feature extraction.",System Design,Hard


#behavioral questions and answer
Describe a major change that occurred in a job that you held. How did you adapt to this change?,"In my previous role as a software developer our company shifted from a monolithic architecture to microservices. I adapted by quickly learning containerization with Docker and Kubernetes attending training sessions and collaborating with senior engineers. This helped me contribute to the migration and improved my ability to handle technological shifts.",
Tell us about a situation in which you had to adjust to changes over which you had no control. How did you handle it?,"During a cloud migration project the vendor changed their API unexpectedly which broke some of our integrations. Although this was beyond my control I reviewed the new API docs updated our scripts and tested thoroughly. This allowed us to meet deadlines despite the disruption.",
Tell us about a time that you had to adapt to a difficult situation.,"When a production server crashed during peak traffic I had to adapt quickly. I coordinated with the infrastructure team implemented a temporary failover and worked overnight to restore services. The site was back online with minimal downtime and later we added monitoring tools to prevent recurrence.",
What do you do when priorities change quickly? Give one example of when this happened.,"In one sprint we were working on a reporting feature when a critical security vulnerability was discovered. Priorities shifted immediately. I paused my feature work collaborated with the security team patched the vulnerability and verified fixes. This quick response protected user data without delaying other deliverables too much.",
Describe a project or idea that was implemented primarily because of your efforts. What was your role? What was the outcome?,"I proposed introducing automated unit testing in our CI/CD pipeline. I created the initial test suite presented the benefits to the team and integrated it with Jenkins. Within a few months test coverage increased significantly reducing production bugs by 30%.",
Describe a time when you made a suggestion to improve the work in your organization.,"I noticed code reviews were taking too long due to lack of clear guidelines. I suggested introducing a code review checklist with best practices. The team adopted it and review time dropped while code quality improved.",
Give an example of an important goal that you set in the past. Tell about your success in reaching it.,"I set a goal to earn an AWS Solutions Architect certification within six months to better support cloud migration projects. I studied after work completed practice labs and passed the certification exam. This knowledge allowed me to lead the migration of two key services to AWS.",
Give two examples of things you've done in previous jobs that demonstrate your willingness to work hard.,"First I once stayed overnight during a critical system outage troubleshooting until services were restored. Second I volunteered to take on additional DevOps responsibilities learning new tools outside of my job description to ensure smooth deployments.",
How do you handle a challenge? Tell me about a situation where you faced a challenge.,"During my internship at a tech company I was assigned to implement an API integration I had never worked on before. I researched the documentation sought guidance from peers and tested iteratively. In the end the integration worked successfully and I gained confidence in tackling unknown technologies.",
Can you work effectively under pressure? If yes how?,"During a product launch our payment gateway integration failed just hours before release. I quickly diagnosed the issue patched the code and tested it under pressure. The launch went ahead on time and the team recognized my calm approach in high-pressure scenarios.",
When was the last time you made a mistake and how did you handle it?,"I once pushed code to production without running all tests which caused a minor bug in the UI. I immediately informed my manager rolled back the deployment and fixed the issue. I also introduced a pre-deployment checklist to prevent similar mistakes in the future.",
How do you set goals? Give an example.,"I use the SMART framework to set goals. For example I set a goal to learn Python for automation within three months. I broke it into weekly learning milestones practiced with small scripts and by the end automated reporting tasks for my team.",
Take me to the time you set a goal and achieved it.,"I wanted to improve system monitoring in our IT environment. I set a goal to implement Prometheus and Grafana dashboards within a quarter. I learned the tools set up data exporters and created dashboards. The team now relies on them to proactively monitor system health.",
Tell me a decision that other team members or colleagues didn't like. How did you implement it?,"As a QA lead I enforced mandatory peer code reviews before merges which some developers resisted due to extra time. I explained how it would reduce bugs demonstrated early results and eventually the team accepted it after seeing improved code quality.",
Are you someone who works in a team or like solo working? Give an example of how you worked on a team.,"During a DevOps project I worked closely with developers and sysadmins to build a CI/CD pipeline. Each member handled specific tasks but we collaborated daily. The teamwork paid off—we reduced deployment time from hours to minutes.",
What do you do when your opinions collide with someone else?,"While designing a database schema I disagreed with a teammate about normalization levels. Instead of insisting I created two prototypes with performance tests. Presenting data helped us reach consensus and we chose the more efficient design.",
Give an example of how you were able to motivate employees or co-workers.,"When our sprint velocity dropped I encouraged the team by suggesting pair programming sessions for tricky tasks. This built collaboration boosted morale and increased overall productivity.",
Have you handled a difficult situation? How?,"Once during a cybersecurity incident malware was detected on multiple endpoints. I quickly isolated affected machines coordinated with security and helped restore backups. The incident was resolved with no major data loss.",
Describe a project or situation that best illustrates your analytical skills. What did you do?,"During my final year IT project I analyzed system logs to detect anomalies. I wrote scripts to process data and identified unusual spikes linked to memory leaks. The insights led us to fix the root cause and improve performance by 25%.",
Describe a time when you had to analyze data and make a recommendation. What kind of thought process did you engage in? Was the suggestion accepted? If not, why not?,"While working as a data intern I analyzed user activity logs to recommend which features to prioritize. I noticed heavy usage of reporting features and suggested improving them. Management accepted the recommendation which increased user retention.",
Describe a time when you had to solve a difficult problem. What exactly did you do? What was the end result? What would you have done differently?,"Our automated deployment pipeline was failing randomly. I traced logs isolated the issue to inconsistent environment variables and standardized configurations. The failures stopped. If I could do it differently I would have added environment validation earlier.",
How do you research a problem before making a decision? Why?,"When choosing between SQL and NoSQL for a project I researched scalability consistency and cost trade-offs. I reviewed documentation benchmarks and case studies before recommending NoSQL. The system scaled effectively afterward.",
When was the last time you had to deal with an angry customer? What exactly did you do? How did things turn out?,"A client was upset about a system outage. I calmly explained the issue gave regular status updates and provided a temporary workaround. They appreciated the transparency and trust was maintained.",
If you have inherited a customer, tell me about that experience. What steps did you take to establish rapport with them? What did you do to gain their trust?,"When I took over a client account for an IT support contract I introduced myself via a kickoff call reviewed past tickets and proactively resolved open issues. The client appreciated the smooth handover and continued their contract.",
How have you managed a previous situation in which your client changed the brief or 'moved the goalposts'?,"In a software project the client changed requirements midway to include mobile support. I worked with my team to adjust timelines redesigned APIs for compatibility and delivered successfully. The client was satisfied despite the changes.",
Describe a time when you went above and beyond to ensure a customer received the best possible service from you and the organization. What was their response?,"A client faced a major bug just before a product demo. I stayed late debugged the issue and delivered a patch overnight. The client was grateful and praised our dedication.",
When was the last time you went out on a limb to defend a customer? What occurred?,"A client disputed extra cloud charges due to a misconfigured resource. I gathered evidence escalated to the vendor and secured a refund. The client was very satisfied with the advocacy.",
Tell me about a recent successful speech or presentation you gave.,"I presented a workshop on Git branching strategies for my team. I included examples live demos and best practices. Feedback was positive and several developers adopted the new workflow.",
When was the last time you had to give a presentation to a group of people with little or no preparation? What challenges did you face? How did you deal with them?,"When a teammate fell sick I had to present sprint progress to stakeholders on short notice. I reviewed Jira boards quickly highlighted completed work and fielded questions confidently. The stakeholders were impressed with my preparedness.",
Have you ever had to 'sell' a concept to colleagues? How did you manage it?,"I proposed adopting Docker for local development. To persuade colleagues I created a proof-of-concept showing how it eliminated works on my machine issues. They agreed to adopt it which streamlined development.",
Tell me about a time when you were able to effectively communicate with another person, even if that person did not like you (or vice versa).,"A senior developer initially dismissed my ideas during code reviews. Instead of reacting defensively I calmly explained my reasoning and provided documentation. Over time we built mutual respect and collaborated well.",
Have you ever encountered any hurdles or difficulties in communicating your ideas to a manager?,"Yes I once struggled to convince my manager about upgrading legacy servers. She was worried about downtime. I prepared a cost-benefit analysis with a phased migration plan. She approved it and we upgraded without issues.",
Tell me about a time when you had to use your written communication skills to convey an important message.,"As a system admin I drafted a detailed incident report after a major outage explaining root cause resolution steps and preventive measures. The report was well-received by management and used as a training resource.",

#Cyber security
What is the difference between symmetric and asymmetric encryption.,"Symmetric encryption uses a single secret key for both encryption and decryption while asymmetric encryption uses a pair of public and private keys. Symmetric is faster but less secure for key distribution whereas asymmetric is slower but provides better key management and security.",
What is a firewall and how does it work.,"A firewall is a network security device that monitors and controls incoming and outgoing network traffic based on predefined rules. It acts as a barrier between trusted internal networks and untrusted external networks blocking unauthorized access and permitting legitimate communication.",
Explain the concept of Zero Trust Security.,"Zero Trust Security is a framework that assumes no user or system whether inside or outside the organization should be automatically trusted. Every access request is authenticated authorized and continuously validated using least privilege principles and microsegmentation.",
What is the CIA triad in cybersecurity.,"The CIA triad represents the three core principles of information security which are Confidentiality ensuring only authorized users can access data Integrity ensuring data is not altered or tampered with and Availability ensuring systems and data are accessible when needed.",
What are IDS and IPS in cybersecurity.,"An Intrusion Detection System IDS monitors network or system activities for malicious behavior and alerts administrators while an Intrusion Prevention System IPS not only detects but also takes proactive actions to block or mitigate the threat in real time.",
What is phishing and how can it be prevented.,"Phishing is a cyberattack where attackers trick users into revealing sensitive information like passwords or financial data usually via fraudulent emails or websites. Prevention methods include user awareness training email filtering multi factor authentication and anti phishing tools.",
Explain the difference between hashing and encryption.,"Hashing is a one way function that converts data into a fixed length string used for integrity verification whereas encryption is a reversible process that converts data into ciphertext to protect confidentiality and requires keys for decryption.",
What is penetration testing.,"Penetration testing also known as ethical hacking is a simulated cyberattack performed by security professionals to identify vulnerabilities in systems networks or applications. It helps organizations strengthen defenses by finding and fixing weaknesses before attackers exploit them.",
What are common types of malware.,"Common types of malware include viruses that attach to files and spread worms that replicate themselves without user intervention trojans that disguise as legitimate software ransomware that encrypts files and demands payment and spyware that secretly collects information.",
Explain the difference between black hat white hat and grey hat hackers.,"Black hat hackers are malicious attackers who exploit vulnerabilities for personal gain or harm white hat hackers are ethical professionals who test systems to improve security and grey hat hackers fall in between sometimes breaking laws but without malicious intent.",
What is two factor authentication and why is it important.,"Two factor authentication 2FA adds an extra layer of security by requiring two forms of identification usually something the user knows like a password and something the user has like a mobile code. It reduces risks of unauthorized access even if passwords are stolen.",
What is SQL Injection attack.,"SQL Injection is a code injection technique where attackers insert malicious SQL queries into input fields to manipulate databases. It can be prevented by using prepared statements parameterized queries and input validation.",
Explain the difference between vulnerability threat and risk.,"A vulnerability is a weakness in a system that could be exploited a threat is any event or actor that could exploit the vulnerability and a risk is the potential damage or loss that could occur if the threat successfully exploits the vulnerability.",
What is social engineering in cybersecurity.,"Social engineering is the manipulation of people into revealing confidential information or performing actions that compromise security. Examples include phishing pretexting baiting and tailgating. Training and awareness are key defenses against social engineering attacks.",
What are security patches and why are they important.,"Security patches are software updates released by vendors to fix vulnerabilities and bugs. They are crucial because unpatched systems are prime targets for attackers. Regular patch management ensures systems stay protected against known exploits.",
What is a DDoS attack and how can it be mitigated.,"A Distributed Denial of Service DDoS attack occurs when multiple compromised systems flood a target server or network with traffic making it unavailable. Mitigation techniques include traffic filtering load balancing rate limiting and using DDoS protection services.",
Explain Public Key Infrastructure PKI.,"Public Key Infrastructure PKI is a framework of policies and technologies that manages digital certificates and public key encryption. It ensures secure communication by verifying identities using certificate authorities CA and enabling encryption and digital signatures.",
What is ransomware and how can organizations defend against it.,"Ransomware is malware that encrypts files or systems and demands ransom for decryption. Defense strategies include regular data backups security awareness training endpoint protection multi factor authentication and maintaining updated software.",
What is the principle of least privilege.,"The principle of least privilege states that users and systems should only have the minimum level of access required to perform their tasks. This reduces the attack surface and limits damage in case of compromised accounts.",
What are honeypots in cybersecurity.,"Honeypots are decoy systems or networks set up to attract attackers and study their methods. They help security teams gather intelligence on threats detect intrusions early and improve defensive strategies without risking real systems.",

What is cybersecurity.,"Cybersecurity is the practice of protecting computer systems networks applications and data from unauthorized access cyberattacks and damage. It ensures confidentiality integrity and availability of information while safeguarding businesses and individuals from risks such as malware phishing ransomware and data breaches.",

Explain the CIA triad.,"The CIA triad stands for Confidentiality Integrity and Availability. Confidentiality ensures that information is accessible only to authorized users. Integrity guarantees that the data is accurate and has not been tampered with. Availability ensures that systems and data are accessible whenever needed by authorized users. Together these three principles form the foundation of cybersecurity practices.",

What is the difference between a vulnerability a threat and a risk.,"A vulnerability is a weakness or flaw in a system that can be exploited. A threat is a potential danger that could exploit a vulnerability such as a hacker or malware. A risk is the likelihood that a threat will exploit a vulnerability and cause damage. For example an unpatched server is a vulnerability a hacker is a threat and the possibility of data theft is the risk.",

What is a firewall.,"A firewall is a security device or software that monitors and controls incoming and outgoing network traffic based on predetermined rules. It acts as a barrier between trusted internal networks and untrusted external networks such as the internet. Firewalls help prevent unauthorized access and protect systems from attacks by filtering packets and enforcing security policies.",

Explain IDS and IPS.,"IDS stands for Intrusion Detection System which monitors network traffic and alerts administrators when suspicious activities are detected. IPS stands for Intrusion Prevention System which not only detects but also prevents or blocks the malicious activity. IDS is passive whereas IPS is active in stopping attacks.",

What is encryption.,"Encryption is the process of converting plain text into unreadable ciphertext using algorithms and keys. It ensures that only authorized parties with the correct key can access the original information. Encryption is widely used to protect sensitive data such as passwords communications and financial transactions.",

What is the difference between symmetric and asymmetric encryption.,"Symmetric encryption uses the same key for both encryption and decryption making it faster but requiring secure key distribution. Asymmetric encryption uses two keys a public key for encryption and a private key for decryption which solves the key distribution problem but is slower. Both are often combined for secure communications.",

What is multi factor authentication.,"Multi factor authentication MFA is a security method that requires users to provide two or more independent credentials to verify their identity. This may include something you know like a password something you have like a phone or token and something you are like a fingerprint. MFA reduces the chances of unauthorized access.",

Explain hashing and how it is used in cybersecurity.,"Hashing is the process of converting data into a fixed length string of characters called a hash using algorithms like SHA 256. It is a one way process meaning it cannot be reversed. Hashing is used to verify data integrity store passwords securely and detect changes in files or messages.",

What is social engineering.,"Social engineering is a manipulation technique where attackers trick people into revealing sensitive information or performing actions that compromise security. Common examples include phishing pretexting baiting and tailgating. Since it targets human behavior it is often harder to defend against than purely technical attacks.",

What is the difference between black hat white hat and grey hat hackers.,"Black hat hackers are malicious attackers who exploit vulnerabilities for personal gain or to cause damage. White hat hackers are ethical security professionals who test systems to find and fix vulnerabilities. Grey hat hackers fall in between sometimes exploiting vulnerabilities without permission but without malicious intent.",

What is a DDoS attack.,"A Distributed Denial of Service DDoS attack occurs when multiple compromised systems usually part of a botnet flood a target system or network with traffic overwhelming its resources and making it unavailable to legitimate users. It is a common attack to disrupt online services.",

What is malware.,"Malware short for malicious software is any software intentionally designed to cause harm to a computer system network or user. Types of malware include viruses worms Trojans ransomware spyware and adware. Malware can steal data damage systems or disrupt operations.",

What is ransomware.,"Ransomware is a type of malware that encrypts a victim's files and demands payment usually in cryptocurrency for the decryption key. It is a major cybersecurity threat affecting businesses and individuals and prevention relies on regular backups strong security measures and user awareness.",

Explain zero day vulnerability.,"A zero day vulnerability is a security flaw in software or hardware that is unknown to the vendor and has no patch available. Hackers exploit these vulnerabilities before they are discovered or fixed making them highly dangerous. Zero day exploits are often used in advanced cyberattacks.",

What is penetration testing.,"Penetration testing or ethical hacking is a simulated cyberattack performed by security professionals to identify vulnerabilities in systems applications and networks. The goal is to test how well defenses work and provide recommendations to strengthen security before real attackers exploit the weaknesses.",

What is the difference between vulnerability assessment and penetration testing.,"A vulnerability assessment identifies and prioritizes security weaknesses in systems through automated scanning and analysis. Penetration testing goes further by actively exploiting vulnerabilities to determine the real world impact. Both are important but serve different purposes in cybersecurity.",

What is phishing.,"Phishing is a social engineering attack where attackers impersonate trusted entities through emails messages or websites to trick users into revealing sensitive information like passwords or credit card numbers. Variants include spear phishing whaling and smishing.",

What is patch management and why is it important.,"Patch management is the process of updating software applications and systems with fixes for vulnerabilities bugs and performance issues. It is crucial because unpatched systems are common targets for attackers. Regular patching reduces risk and ensures systems remain secure.",

What is two factor authentication.,"Two factor authentication 2FA is a subset of multi factor authentication that requires users to provide two types of evidence to verify their identity typically a password and a code sent to a phone or email. It adds an extra layer of security against unauthorized access.",

21. What is the difference between IDS and IPS.,"An Intrusion Detection System IDS only monitors network or host activity and generates alerts when it detects suspicious behavior but it does not block the traffic. An Intrusion Prevention System IPS on the other hand not only detects suspicious activity but also takes automated action such as blocking malicious traffic or dropping packets. IDS is passive while IPS is active in prevention.",  
22. What are common types of cyber attacks organizations face today.,"Common cyber attacks include phishing social engineering ransomware denial of service attacks man in the middle attacks SQL injection cross site scripting credential stuffing and insider threats. Each attack exploits a different vulnerability in people systems or networks making layered security essential.",  
23. Explain the CIA triad in cybersecurity.,"The CIA triad stands for Confidentiality Integrity and Availability. Confidentiality ensures that sensitive information is accessed only by authorized individuals. Integrity ensures that data remains accurate and unaltered unless changed by authorized users. Availability ensures that systems and data are accessible to users when needed. The CIA triad is the foundation of all cybersecurity practices.",  
24. What is a zero day vulnerability.,"A zero day vulnerability is a previously unknown flaw in software or hardware that attackers exploit before the vendor releases a patch. Because the flaw is unknown to the vendor defenders have zero days to prepare or patch it. Zero day attacks are highly dangerous and often used in targeted or advanced persistent threats.",  
25. How does multi factor authentication improve security.,"Multi factor authentication MFA adds additional layers of security by requiring users to provide two or more independent forms of verification such as a password something you know a security token something you have or a fingerprint something you are. Even if a password is compromised attackers cannot access the account without the second factor.",  
26. What is social engineering and how can it be prevented.,"Social engineering is a method attackers use to manipulate people into giving away confidential information or performing actions that compromise security. Examples include phishing pretexting baiting and tailgating. Prevention involves employee awareness training email filtering enforcing strict security policies and verifying identities before sharing sensitive data.",  
27. What is the principle of least privilege and why is it important.,"The principle of least privilege means that users processes and systems are granted the minimum level of access necessary to perform their job functions. It reduces the attack surface prevents unauthorized access and limits the potential damage caused by compromised accounts. Implementing least privilege is a core security best practice.",  
28. Explain symmetric vs asymmetric encryption.,"Symmetric encryption uses a single key for both encryption and decryption making it fast but requiring secure key distribution. Asymmetric encryption uses a pair of keys a public key for encryption and a private key for decryption. It is more secure for communications but computationally slower. Often both methods are combined in real world systems such as TLS.",  
29. What are firewalls and how do they work.,"A firewall is a security device or software that monitors and controls incoming and outgoing network traffic based on predefined security rules. It establishes a barrier between a trusted internal network and untrusted external networks such as the internet. Firewalls can be packet filtering stateful inspection proxy based or next generation with intrusion detection and application control features.",  
30. What is the difference between vulnerability threat and risk.,"A vulnerability is a weakness in a system that could be exploited. A threat is a potential event or actor that could exploit the vulnerability. A risk is the potential impact when a threat exploits a vulnerability. For example an unpatched server is a vulnerability ransomware is a threat and the possible data loss or downtime is the risk.",  
31. What is a man in the middle attack.,"A man in the middle MITM attack occurs when an attacker secretly intercepts and possibly alters communication between two parties who believe they are directly communicating with each other. Examples include eavesdropping on unsecured WiFi or DNS spoofing. Using HTTPS VPNs and strong encryption can prevent MITM attacks.",  
32. What is penetration testing and why is it important.,"Penetration testing is a simulated cyber attack conducted by security professionals to identify exploitable vulnerabilities in systems applications or networks. It helps organizations discover weaknesses before real attackers do. Pen testing improves security posture verifies defenses and ensures compliance with standards like PCI DSS or ISO 27001.",  
33. What is the difference between black hat white hat and gray hat hackers.,"Black hat hackers exploit vulnerabilities for malicious purposes such as stealing data or causing damage. White hat hackers are ethical hackers who use their skills to find and report vulnerabilities legally to improve security. Gray hat hackers fall in between sometimes violating rules but without malicious intent often disclosing flaws without authorization.",  
34. What is ransomware and how can organizations defend against it.,"Ransomware is malicious software that encrypts files or locks systems and demands payment usually in cryptocurrency for the decryption key. Defense strategies include regular data backups patch management strong email filtering user awareness training and endpoint protection solutions. Recovery without paying ransom is possible with proper backups and incident response planning.",  
35. Explain the difference between blacklisting and whitelisting in cybersecurity.,"Blacklisting blocks known malicious entities such as IP addresses domains or applications. Whitelisting only allows explicitly approved entities and blocks everything else. Whitelisting is more secure but harder to maintain while blacklisting is easier but less comprehensive. Organizations often use a hybrid approach for balance.",  
36. What are DDoS attacks and how can they be mitigated.,"A Distributed Denial of Service DDoS attack occurs when multiple compromised systems flood a target server network or application with traffic overwhelming it and making it unavailable. Mitigation includes using content delivery networks load balancing rate limiting intrusion prevention systems and traffic scrubbing services.",  
37. What is the role of encryption in protecting data.,"Encryption protects data by converting it into unreadable ciphertext that can only be converted back into plaintext with the correct key. It ensures confidentiality during transmission or storage even if unauthorized parties gain access. Strong encryption algorithms like AES and RSA are critical in securing communications and sensitive data.",  
38. What is two factor authentication and how is it different from multi factor authentication.,"Two factor authentication 2FA requires exactly two types of verification factors such as a password and a one time code. Multi factor authentication MFA refers to two or more factors. So 2FA is a subset of MFA. MFA generally provides stronger security as it may include biometric factors and hardware tokens in addition to passwords.",  
39. What are honeypots in cybersecurity.,"A honeypot is a decoy system or network resource designed to attract attackers. It simulates vulnerabilities to lure hackers and observe their behavior. Honeypots help security teams gather intelligence on attack techniques detect intrusions early and divert attackers away from real assets. However they must be isolated to avoid being used as pivot points.",  
40. What is an advanced persistent threat APT.,"An APT is a prolonged and targeted cyber attack in which an attacker gains unauthorized access to a network and remains undetected for a long time. APTs are often state sponsored or highly organized and their goals include espionage or stealing sensitive data. Defending against APTs requires layered security monitoring anomaly detection and rapid incident response.",  
41. Explain what an Intrusion Detection System (IDS) is and how it differs from an Intrusion Prevention System (IPS).,"An Intrusion Detection System (IDS) monitors network traffic or system activities for malicious behavior or policy violations and generates alerts when suspicious activity is detected while an Intrusion Prevention System (IPS) not only detects but also actively blocks or prevents the malicious activity in real time The IDS is passive as it only alerts whereas IPS is active and can drop packets reset connections or quarantine systems making IPS more proactive.",  
42. What is a firewall and how does it work.,"A firewall is a network security device that monitors and filters incoming and outgoing traffic based on predetermined security rules It acts as a barrier between trusted internal networks and untrusted external networks like the internet Firewalls can be hardware software or cloud based and they work by permitting or blocking data packets based on rules such as IP address port protocol and application level filtering.",  
43. What is the difference between symmetric and asymmetric encryption.,"Symmetric encryption uses the same key for both encryption and decryption making it fast but requiring secure key distribution Asymmetric encryption uses a pair of keys a public key for encryption and a private key for decryption which solves the key distribution problem but is computationally slower Often systems use symmetric encryption for data transfer and asymmetric for key exchange.",  
44. What is a DDoS attack and how can organizations defend against it.,"A Distributed Denial of Service DDoS attack occurs when multiple compromised systems flood the bandwidth or resources of a targeted system causing service disruption Defenses include implementing firewalls and intrusion prevention systems rate limiting using DDoS protection services like Cloudflare or AWS Shield deploying load balancers and having an incident response plan to mitigate the impact.",  
45. Explain the CIA triad in cybersecurity.,"The CIA triad stands for Confidentiality Integrity and Availability Confidentiality ensures that data is accessible only to authorized users Integrity guarantees that information is accurate and not tampered with Availability ensures that systems and data are accessible when needed Together these three principles form the foundation of information security strategies.",  
46. What is phishing and how can organizations prevent it.,"Phishing is a social engineering attack where attackers trick users into revealing sensitive information like passwords or credit card details usually via fraudulent emails or websites Organizations can prevent it by training employees using email filtering implementing multi factor authentication and running simulated phishing campaigns to raise awareness.",  
47. What is a vulnerability assessment.,"A vulnerability assessment is the process of systematically identifying evaluating and prioritizing security weaknesses in systems networks or applications It usually involves running automated tools like Nessus or OpenVAS followed by manual validation The results help organizations understand their risk exposure and plan remediation strategies.",  
48. What is penetration testing.,"Penetration testing also known as ethical hacking is a simulated cyberattack conducted by security professionals to identify and exploit vulnerabilities in systems networks or applications It provides insights into how attackers could gain unauthorized access and helps organizations strengthen defenses Pen tests can be black box white box or gray box depending on the level of information provided to testers.",  
49. Explain zero day vulnerabilities.,"A zero day vulnerability is a software flaw that is unknown to the vendor and has not yet been patched Hackers can exploit it before a fix is released making it highly dangerous Zero day attacks are difficult to detect and defend against so organizations often rely on advanced monitoring threat intelligence and behavior based detection systems.",  
50. What are security patches and why are they important.,"Security patches are software updates released by vendors to fix identified vulnerabilities They are critical because attackers often exploit known vulnerabilities to gain unauthorized access or compromise systems Regularly applying patches ensures that systems remain protected against evolving threats and reduces the overall attack surface.",  
51. What is malware and what are its types.,"Malware short for malicious software is software designed to harm exploit or disable computers Types include viruses worms trojans ransomware spyware and adware Each has different behavior for example ransomware encrypts files and demands ransom while spyware secretly monitors user activity Malware can spread via email attachments malicious websites or infected USB drives.",  
52. What is ransomware and how can it be mitigated.,"Ransomware is a type of malware that encrypts files or locks systems until a ransom is paid Mitigation strategies include maintaining regular offline backups using strong endpoint protection applying timely patches educating users not to click suspicious links and implementing incident response plans to quickly contain outbreaks without paying attackers.",  
53. Explain SQL injection.,"SQL injection is a web application attack where an attacker inserts malicious SQL queries into input fields to manipulate the backend database This can allow unauthorized data access modification or deletion Prevention techniques include using parameterized queries stored procedures input validation and web application firewalls.",  
54. What is cross site scripting XSS.,"Cross site scripting XSS is a web vulnerability where attackers inject malicious scripts typically JavaScript into web pages viewed by other users It can steal cookies session tokens or redirect users to malicious sites Prevention involves proper input sanitization output encoding using Content Security Policy CSP and web application firewalls.",  
55. What is cross site request forgery CSRF.,"CSRF is an attack where a malicious site tricks a user into performing unintended actions on a trusted site where they are authenticated For example submitting a form or making a transaction Prevention measures include implementing anti CSRF tokens checking referer headers and requiring reauthentication for sensitive actions.",  
56. What is two factor authentication 2FA and why is it important.,"Two factor authentication adds an extra layer of security by requiring two different types of credentials something you know like a password and something you have like a mobile device or token Even if a password is compromised the second factor prevents unauthorized access making it an effective defense against credential theft.",  
57. What is a man in the middle attack.,"A man in the middle MITM attack occurs when an attacker secretly intercepts and potentially alters communication between two parties without their knowledge Common techniques include eavesdropping session hijacking and SSL stripping Defenses include using HTTPS VPNs strong encryption and avoiding unsecured public WiFi networks.",  
58. What is privilege escalation.,"Privilege escalation is when an attacker gains higher access rights than intended for example from a normal user account to an administrator level account This can happen through exploiting software flaws misconfigurations or weak permissions Mitigation involves applying patches enforcing least privilege principle and regularly auditing accounts and permissions.",  
59. What is social engineering in cybersecurity.,"Social engineering is the manipulation of people into performing actions or divulging confidential information rather than directly exploiting technical vulnerabilities Examples include phishing pretexting baiting and tailgating Training employees to recognize these tactics is crucial in reducing the success of such attacks.",  
60. What is the difference between black hat white hat and gray hat hackers.,"Black hat hackers are malicious attackers who exploit systems for personal gain or damage White hat hackers are ethical hackers who find and report vulnerabilities to help organizations improve security Gray hat hackers fall in between they may exploit vulnerabilities without permission but not necessarily with malicious intent.",  
61. What is a WAF (Web Application Firewall).,"A Web Application Firewall (WAF) is a security system designed to protect web applications by monitoring and filtering HTTP traffic between a web application and the internet It helps prevent common attacks such as SQL injection cross site scripting (XSS) file inclusion and session hijacking by enforcing rules that identify malicious traffic Unlike traditional firewalls that focus on network level protection a WAF specifically targets application layer threats providing additional security for applications exposed to the internet.",
62. What are some common techniques used in malware analysis.,"Common techniques for malware analysis include static analysis and dynamic analysis Static analysis involves examining the code of the malware without executing it to identify signatures libraries or suspicious instructions Dynamic analysis involves running the malware in a controlled sandbox environment to observe its behavior such as network activity file modifications or registry changes Reverse engineering and disassemblers are also used to deeply understand how malware functions and how to build effective countermeasures.",
63. How does DNS tunneling work and why is it dangerous.,"DNS tunneling works by encapsulating data within DNS queries and responses allowing attackers to bypass firewalls and security filters that do not inspect DNS traffic It can be used to exfiltrate sensitive information establish covert command and control channels or provide unauthorized internet access Its danger lies in the fact that DNS traffic is usually trusted and less monitored making it a stealthy way for attackers to move data or communicate with compromised systems.",
64. Explain the concept of Zero Day Exploit.,"A Zero Day Exploit refers to a software vulnerability that is unknown to the software vendor and for which no patch or fix is available yet Attackers exploit these vulnerabilities before they are discovered and mitigated making them highly dangerous Zero day attacks can lead to data breaches unauthorized access privilege escalation or malware infections Security professionals use techniques like intrusion detection threat intelligence and patch management to reduce risks associated with zero day threats.",
65. What is the purpose of a SIEM system.,"A SIEM (Security Information and Event Management) system collects correlates and analyzes log and event data from across an organization’s IT infrastructure to provide real time monitoring detection and response to security incidents It helps security teams detect anomalies suspicious activities and potential breaches by aggregating data from firewalls intrusion detection systems servers applications and endpoints SIEMs also support compliance requirements by generating audit reports and retaining logs for investigations.",
66. What is brute force attack and how can it be prevented.,"A brute force attack is a method where attackers try all possible combinations of passwords or encryption keys until they succeed in guessing the correct one It can target user accounts network services or encrypted files To prevent brute force attacks organizations can enforce strong password policies implement account lockout mechanisms use CAPTCHAs limit login attempts deploy multi factor authentication and monitor login patterns to detect abnormal behavior.",
67. Explain phishing and how to protect against it.,"Phishing is a social engineering attack where attackers impersonate legitimate entities such as banks or service providers to trick users into providing sensitive information like passwords credit card numbers or personal data Protection against phishing includes user awareness training email filtering anti phishing tools verifying URLs before clicking enabling multi factor authentication and reporting suspicious emails promptly.",
68. What is ransomware and how does it spread.,"Ransomware is a type of malicious software that encrypts a victim’s files or locks their system and demands payment usually in cryptocurrency to restore access It spreads through phishing emails malicious attachments compromised websites drive by downloads or exploiting vulnerabilities Once inside a network ransomware can propagate laterally encrypt shared drives and disrupt operations Preventive measures include regular backups patch management network segmentation and user training.",
69. What are honeypots and how are they used in cybersecurity.,"Honeypots are decoy systems or resources set up to attract attackers and study their techniques They appear as legitimate systems but contain no real data Their purpose is to detect deflect or analyze intrusion attempts Honeypots provide valuable intelligence about attacker behavior tools and methodologies and can also serve as early warning systems for new threats However they must be isolated from production systems to prevent misuse.",
70. What is the MITRE ATT&CK framework.,"The MITRE ATT&CK framework is a globally accessible knowledge base of adversary tactics techniques and procedures (TTPs) based on real world observations It helps organizations understand how attackers operate and provides a common language for security teams to analyze threats develop detection strategies and strengthen defenses It is widely used in threat hunting red teaming and improving incident response by mapping observed adversary behavior to documented techniques.",
71. Explain the difference between IPS and IDS.,"An Intrusion Detection System (IDS) monitors network or system activities for suspicious patterns or malicious traffic and alerts administrators but it does not take direct action An Intrusion Prevention System (IPS) performs the same monitoring but it actively blocks prevents or mitigates the detected threat in real time Essentially IDS is passive and provides visibility while IPS is active and provides automated protection Both are often deployed together for layered defense.",
72. What is the principle of least privilege.,"The principle of least privilege (PoLP) is a security concept where users applications and systems are granted the minimum levels of access or permissions necessary to perform their tasks By restricting access attackers who compromise an account or system have limited ability to cause damage Implementing PoLP reduces attack surfaces prevents privilege escalation and supports compliance Regular access reviews and role based access control are common practices to enforce it.",
73. How does SSL/TLS work in securing web traffic.,"SSL/TLS secures web traffic by encrypting the communication between a client and a server ensuring confidentiality integrity and authenticity When a user connects to a website with HTTPS the browser and server perform a handshake where they exchange certificates validate identities and agree on encryption keys All data transmitted is then encrypted making it difficult for attackers to intercept or tamper with SSL/TLS also ensures that users are communicating with the intended server not an imposter.",
74. What are common signs of a compromised system.,"Common signs of a compromised system include unexpected system slowdowns high CPU or network usage unknown processes running unusual log entries frequent crashes unauthorized user accounts missing or altered files disabled security software or strange network connections Users may also notice pop ups ransomware messages or redirected traffic Monitoring tools and forensic analysis are essential for confirming and investigating compromises.",
75. What is penetration testing and why is it important.,"Penetration testing also known as ethical hacking is the practice of simulating real world cyberattacks against an organization’s systems to identify vulnerabilities before malicious actors can exploit them It is important because it provides practical insights into security weaknesses validates security controls ensures compliance with standards and improves overall resilience Penetration tests can target networks applications or physical security and often conclude with detailed reports and remediation recommendations.",
76. What is a keylogger and how can it be detected.,"A keylogger is a type of spyware that records keystrokes made on a computer or mobile device allowing attackers to capture sensitive information like usernames passwords and credit card numbers Keyloggers can be hardware based or software based Detection methods include using updated antivirus and anti malware tools monitoring unusual system behavior reviewing running processes and analyzing network traffic Behavioral anomaly detection can also help identify hidden keyloggers.",
77. Explain man in the middle attack.,"A Man in the Middle (MITM) attack occurs when an attacker secretly intercepts and possibly alters communication between two parties who believe they are directly communicating The attacker can eavesdrop steal sensitive information or inject malicious content Examples include session hijacking DNS spoofing and SSL stripping Protection methods include using end to end encryption secure protocols VPNs multi factor authentication and avoiding public unsecured Wi Fi networks.",
78. What is the purpose of patch management.,"Patch management is the process of acquiring testing and applying updates to software applications and systems to fix security vulnerabilities improve functionality and maintain stability Unpatched systems are prime targets for attackers Patch management helps prevent exploits reduce risks ensure compliance and maintain operational reliability Organizations typically automate patch deployment test updates before release and maintain an inventory of assets to streamline the process.",
79. How does SQL injection work.,"SQL injection is a code injection technique where attackers insert malicious SQL statements into input fields to manipulate a database It can allow attackers to bypass authentication view modify or delete data or even gain administrative access SQL injection works when user input is not properly validated or sanitized Protection methods include using parameterized queries input validation stored procedures web application firewalls and conducting security code reviews.",
80. What is advanced persistent threat (APT).,"An Advanced Persistent Threat (APT) is a prolonged and targeted cyberattack where attackers infiltrate a network and remain undetected for an extended period Their goal is often to steal sensitive data conduct espionage or disrupt operations APTs are usually carried out by well funded and highly skilled groups often state sponsored They use sophisticated methods like spear phishing zero day exploits and custom malware Defenses include layered security threat intelligence and continuous monitoring.",
81. What is Zero Trust Architecture and why is it important.,"Zero Trust is a security framework that assumes no user or device is trustworthy by default even inside the network perimeter. It enforces continuous verification strict access controls and least privilege. It is important because modern threats often bypass traditional firewalls through insider threats compromised accounts and remote work environments.",  
82. How does a Web Application Firewall (WAF) protect against attacks.,"A WAF filters and monitors HTTP traffic between users and web applications. It blocks malicious requests such as SQL injection cross site scripting and file inclusion. By analyzing patterns it prevents attackers from exploiting vulnerabilities in web applications without altering the application code.",  
83. Explain the role of Active Directory in enterprise security.,"Active Directory (AD) is a centralized directory service that manages user accounts computers and permissions in a Windows environment. It enforces authentication via Kerberos and authorization policies through Group Policy Objects. Proper configuration of AD is critical since attackers often target it for privilege escalation and persistence.",  
84. What is lateral movement in cyber attacks.,"Lateral movement is when an attacker gains access to one system and then moves across the network to compromise other systems. They may use stolen credentials remote desktop protocols or SMB shares. Detecting unusual authentication patterns or privilege escalations helps in stopping lateral movement early.",  
85. How do you secure cloud workloads.,"Securing cloud workloads involves enabling identity and access management enforcing encryption using security groups and firewalls monitoring with cloud security tools and applying compliance frameworks like CIS benchmarks. Shared responsibility models require that both the provider and customer secure different layers of the stack.",  
86. What is the difference between IDS and IPS.,"IDS detects and alerts administrators when suspicious activity occurs while IPS actively blocks or prevents the activity. IDS is passive and useful for monitoring while IPS is inline and can disrupt malicious traffic. Organizations often use both together to achieve better network defense.",  
87. Explain the importance of security patches.,"Security patches fix known vulnerabilities in operating systems and applications. Attackers often exploit unpatched software to gain access through exploits. Regular patch management reduces attack surface and compliance standards like PCI DSS require systems to be up to date.",  
88. What is security information and event management (SIEM).,"SIEM systems collect log data from various sources and correlate events to detect anomalies or attacks. They provide dashboards alerts and reports for incident detection and compliance. Modern SIEMs may include SOAR capabilities to automate responses.",  
89. How does DNS tunneling work.,"DNS tunneling is a technique where attackers encode malicious traffic inside DNS queries and responses to bypass firewalls. It allows data exfiltration or remote command and control. Detection involves monitoring unusual domain requests high query volume or odd payloads.",  
90. What are insider threats and how do you mitigate them.,"Insider threats are risks posed by employees contractors or partners who misuse access intentionally or accidentally. Mitigation involves strict access control user activity monitoring behavioral analytics and fostering a security aware culture.",  
91. Explain Public Key Infrastructure (PKI).,"PKI is a framework that manages digital certificates and public key encryption. It enables secure communication authentication and digital signatures. Components include certificate authorities registration authorities and certificate revocation lists.",  
92. What is advanced persistent threat (APT).,"An APT is a long term targeted cyberattack where attackers gain stealthy unauthorized access to a network to steal data or disrupt operations. They use multiple techniques like phishing malware and zero day exploits. APTs are often state sponsored and require layered defense strategies to detect and prevent.",  
93. How do you prevent SQL Injection attacks.,"Preventing SQL injection involves using parameterized queries or prepared statements input validation least privilege for database accounts and web application firewalls. Regular code reviews and automated scanning can also help detect vulnerabilities.",  
94. What is penetration testing and why is it important.,"Penetration testing is a simulated cyberattack performed by ethical hackers to find vulnerabilities before attackers do. It helps validate security controls compliance requirements and provides actionable insights to strengthen defenses.",  
95. How do you secure IoT devices.,"Securing IoT devices requires changing default passwords enforcing firmware updates using secure communication protocols segmenting IoT networks and applying endpoint monitoring. Many IoT devices are vulnerable due to limited security features making network isolation crucial.",  
96. Explain the concept of red team and blue team in cybersecurity.,"Red teams simulate attacks to test defenses while blue teams defend the environment by detecting and responding. Red teams use adversarial tactics like phishing and privilege escalation while blue teams strengthen monitoring patching and incident response.",  
97. What is phishing and how can you detect it.,"Phishing is a social engineering attack where attackers trick users into revealing sensitive information through fake emails or websites. Detection includes checking sender addresses inspecting URLs spotting spelling errors and using email filtering systems.",  
98. What is the role of encryption in cybersecurity.,"Encryption protects data confidentiality by converting plaintext into ciphertext using algorithms like AES or RSA. It ensures that even if attackers intercept data they cannot read it without the decryption key. It is critical for secure communication storage and compliance.",  
99. How do you handle a compromised system.,"First isolate the system from the network to stop spread then collect forensic evidence without altering it. Identify indicators of compromise remove malicious software apply patches and reset credentials. Finally review and strengthen security controls to prevent recurrence.",  
100. What do you understand by the CIA triad.,"The CIA triad stands for Confidentiality Integrity and Availability. Confidentiality ensures only authorized users can access data integrity ensures data is accurate and unaltered and availability ensures systems and data are accessible when needed. It forms the foundation of information security principles.",  
101. What is endpoint security.,"Endpoint security focuses on protecting individual devices like laptops desktops and mobile phones from cyber threats It includes antivirus software endpoint detection and response firewalls and patch management to prevent malware and unauthorized access.",
102. Explain the CIA triad in cybersecurity.,"The CIA triad stands for Confidentiality Integrity and Availability Confidentiality ensures sensitive data is accessed only by authorized people Integrity ensures data is accurate and unaltered Availability ensures systems and data are accessible when needed Together they form the foundation of cybersecurity principles.",
103. What is social engineering.,"Social engineering is a manipulation technique that exploits human psychology rather than technical vulnerabilities to gain access to systems or information Common methods include phishing pretexting baiting and tailgating It is often the weakest link in security because it targets human trust.",
104. Define malware and its types.,"Malware is malicious software designed to harm exploit or disable computers Types include viruses worms trojans ransomware spyware and adware Each type works differently but the goal is to compromise systems steal data or disrupt operations.",
105. What is ransomware and how can it be prevented.,"Ransomware is malware that encrypts files and demands payment for decryption Prevention involves regular backups updated security patches email filtering endpoint security user awareness training and implementing least privilege access.",
106. What are IDS and IPS.,"An Intrusion Detection System IDS monitors network traffic for suspicious activity and generates alerts An Intrusion Prevention System IPS not only detects threats but also takes action to block or prevent them IPS works inline while IDS is monitoring only.",
107. What is multi factor authentication and why is it important.,"Multi factor authentication MFA requires users to provide two or more verification factors such as password plus OTP or biometric It reduces the risk of unauthorized access even if one credential is stolen providing a stronger layer of security.",
108. Explain zero trust architecture.,"Zero trust is a security model that assumes no user or system is trusted by default whether inside or outside the network It requires continuous verification least privilege access and strong authentication making it harder for attackers to move laterally.",
109. What is phishing and how do you recognize it.,"Phishing is a cyber attack where attackers impersonate trusted entities usually via email to trick victims into revealing sensitive information Signs include suspicious sender addresses spelling errors urgent language and unusual links or attachments.",
110. What is spear phishing and how is it different from phishing.,"Spear phishing is a targeted phishing attack directed at specific individuals or organizations Unlike general phishing it uses personalized information to appear more convincing making it harder to detect.",
111. What is a brute force attack.,"A brute force attack is when an attacker tries all possible password combinations until the correct one is found It can be mitigated using account lockout policies CAPTCHA rate limiting and strong password requirements.",
112. What is a DDoS attack.,"A Distributed Denial of Service DDoS attack floods a target server or network with massive traffic from multiple compromised devices making it unavailable to users Mitigation includes firewalls load balancers rate limiting and DDoS protection services.",
113. What is the difference between vulnerability threat and risk.,"A vulnerability is a weakness in a system A threat is anything that can exploit a vulnerability Risk is the potential impact when a threat exploits a vulnerability Managing risk involves identifying threats mitigating vulnerabilities and minimizing damage.",
114. Explain penetration testing.,"Penetration testing also called ethical hacking is a simulated cyber attack to identify vulnerabilities before malicious attackers exploit them It involves planning reconnaissance exploitation reporting and remediation.",
115. What is the difference between white hat black hat and gray hat hackers.,"White hat hackers are ethical professionals who test security legally Black hat hackers are malicious attackers Gray hat hackers may break rules without permission but without malicious intent.",
116. What is an advanced persistent threat APT.,"An APT is a long term targeted cyber attack where intruders gain persistent access to a network and remain undetected for a long time The goal is usually data theft espionage or sabotage often backed by nation states.",
117. What is patch management.,"Patch management is the process of applying updates to software operating systems and applications to fix vulnerabilities improve functionality and enhance security Failure to patch is a common cause of cyber breaches.",
118. What is the difference between symmetric and asymmetric encryption.,"Symmetric encryption uses the same key for encryption and decryption It is faster but less secure for key sharing Asymmetric encryption uses a public and private key pair providing secure key exchange but is slower.",
119. What is SSL TLS and why is it important.,"SSL and TLS are cryptographic protocols that provide secure communication over the internet They encrypt data between client and server ensuring confidentiality integrity and authentication commonly used in HTTPS websites.",
120. What is a firewall and its types.,"A firewall is a network security device that monitors and filters traffic based on security rules Types include packet filtering firewalls stateful inspection firewalls proxy firewalls and next generation firewalls NGFW which offer advanced threat detection.",
120. What is a rainbow table attack.,"A rainbow table attack is a method where attackers use precomputed hash values of common passwords to quickly crack password hashes instead of brute forcing from scratch. Rainbow tables reduce the time complexity of cracking but require large storage. To mitigate this risk organizations implement techniques like salting which adds random data to passwords before hashing making rainbow tables ineffective.",
121. Explain the concept of defense in depth.,"Defense in depth is a layered security approach where multiple security controls are implemented across different layers of an IT environment such as network perimeter host devices applications and data. Even if one layer fails other layers continue to provide protection. This approach increases resilience against diverse threats by combining firewalls intrusion detection systems endpoint protection access controls and employee awareness training.",
122. What are honeytokens.,"Honeytokens are fake data entries such as credentials or database records planted intentionally to detect unauthorized access or insider threats. If an attacker tries to use or exfiltrate honeytokens it triggers alerts notifying defenders of the breach. They provide an inexpensive but effective deception strategy for detecting malicious activity within systems.",
123. What is the zero trust security model.,"The zero trust model is a cybersecurity framework that assumes no user or device should be trusted by default even if they are inside the network perimeter. Every access request must be authenticated authorized and continuously validated. Zero trust relies on strong identity management multi factor authentication micro segmentation and least privilege access.",
124. How do you secure an IoT environment.,"Securing an IoT environment involves implementing device authentication using strong encryption updating firmware regularly segmenting IoT devices on separate networks monitoring traffic for anomalies and restricting unnecessary communication. Since IoT devices are often resource constrained security must be lightweight but robust and involve continuous monitoring.",
125. What is data exfiltration.,"Data exfiltration is the unauthorized transfer of sensitive data from a system by attackers often stealthily. It can occur through malware insider threats or compromised accounts. Prevention techniques include monitoring outbound traffic applying data loss prevention solutions encrypting sensitive files and enforcing strict access controls.",
126. Explain the role of penetration testing.,"Penetration testing is a simulated cyberattack on systems applications or networks to identify vulnerabilities before real attackers exploit them. Ethical hackers perform tests such as black box white box or gray box to mimic different attack scenarios. The findings help organizations fix weaknesses improve defenses and meet compliance requirements.",
127. What is privilege creep.,"Privilege creep occurs when users accumulate access rights over time beyond what they currently need for their job. This increases security risks as excessive privileges can be exploited by attackers. To prevent privilege creep organizations enforce regular access reviews role based access control and least privilege principles.",
128. How does HTTPS protect communication.,"HTTPS protects communication by encrypting data exchanged between client and server using TLS ensuring confidentiality and integrity. It also provides authentication of the server through digital certificates preventing man in the middle attacks. Without HTTPS sensitive information like passwords or credit card details could be intercepted in plaintext.",
129. What are watering hole attacks.,"In a watering hole attack attackers compromise websites frequently visited by a target group to deliver malware. When users visit these trusted sites they unknowingly get infected. Such attacks are dangerous as they exploit trust relationships. Defense strategies include patching web servers using endpoint protection and monitoring unusual web traffic.",
130. Explain the importance of patch management.,"Patch management is the process of regularly applying updates and security patches to software systems and hardware to fix vulnerabilities. Unpatched systems are prime targets for attackers. An effective patch management program includes vulnerability scanning prioritization testing automated deployment and verification of patches.",
131. What is sandboxing in cybersecurity.,"Sandboxing is a technique where suspicious files or applications are executed in an isolated environment that mimics real systems. This allows security teams to analyze behavior without risking the main network. Sandboxing helps detect zero day exploits malware and advanced persistent threats safely.",
132. Describe cross site request forgery (CSRF).,"CSRF is a web attack where a malicious website tricks a logged in user into performing unintended actions on another site where they are authenticated. For example transferring funds without consent. Mitigation includes using anti CSRF tokens enforcing same site cookies and verifying user intent for critical actions.",
133. What is the difference between IDS and IPS.,"An Intrusion Detection System (IDS) monitors network traffic and alerts administrators of suspicious activities whereas an Intrusion Prevention System (IPS) actively blocks or prevents malicious traffic. IDS is passive while IPS is inline and proactive. Many modern systems integrate both for layered defense.",
134. How does encryption support compliance.,"Encryption supports compliance with data protection laws and regulations by ensuring sensitive information remains confidential and secure during storage and transmission. Standards like GDPR HIPAA and PCI DSS mandate encryption for certain data types. Encryption reduces liability by protecting data even if a breach occurs.",
135. What is endpoint detection and response (EDR).,"EDR is a security solution focused on monitoring detecting and responding to threats on endpoints such as laptops desktops and mobile devices. It collects behavioral data analyzes anomalies and provides automated or manual response options. EDR helps identify advanced persistent threats that bypass traditional antivirus solutions.",
136. Explain the concept of lateral movement.,"Lateral movement is when attackers move within a compromised network to access additional systems accounts or data after the initial breach. They use techniques like credential dumping pass the hash or remote execution. Detecting lateral movement involves network monitoring behavior analysis and restricting unnecessary internal access.",
137. What is role based access control (RBAC).,"RBAC is a security model where permissions are assigned to roles rather than individuals. Users are then assigned to roles based on job functions. This simplifies access management enforces least privilege and reduces the chance of privilege creep or unauthorized access.",
138. How do you secure mobile devices in the workplace.,"Securing mobile devices includes enforcing mobile device management solutions implementing strong authentication encrypting data enforcing remote wipe policies restricting unauthorized apps and educating employees on phishing and malware risks. Since mobile devices are easily lost security must balance convenience and protection.",
139. What is a polymorphic virus.,"A polymorphic virus is a type of malware that constantly changes its code or appearance to evade signature based detection tools like traditional antivirus. Despite changing its form the core malicious behavior remains the same. Defenses include heuristic analysis behavior based detection and machine learning.",
140. Explain the purpose of network segmentation.,"Network segmentation is the practice of dividing a network into smaller isolated segments to contain attacks reduce the attack surface and limit lateral movement. For example separating user devices from critical servers. Segmentation improves performance and security and helps organizations enforce access control policies effectively.",
401. What is the role of a firewall in cybersecurity.,"A firewall monitors and controls incoming and outgoing network traffic based on predetermined security rules acting as a barrier between trusted and untrusted networks.",
402. Explain what intrusion detection systems IDS do.,"An IDS monitors network or system activity for malicious actions or policy violations and alerts administrators when suspicious behavior is detected.",
403. What is the difference between IDS and IPS.,"IDS only detects and alerts on suspicious activities while IPS can detect and actively block or prevent those activities in real time.",
404. What is a security policy.,"A security policy is a documented set of rules and practices that govern how an organization protects and manages its information and IT assets.",
405. Explain least privilege principle.,"The principle of least privilege means giving users and systems only the minimum level of access required to perform their tasks reducing attack surface and insider threats.",
406. What is a patch in cybersecurity.,"A patch is a piece of software designed to update fix or improve an application or system usually to address security vulnerabilities or bugs.",
407. What is social engineering.,"Social engineering is a manipulation technique that exploits human psychology to trick people into giving away sensitive information or performing actions that compromise security.",
408. Explain phishing in simple terms.,"Phishing is a cyber attack where attackers impersonate legitimate organizations through emails or websites to steal sensitive data like login credentials or credit card numbers.",
409. What is spear phishing.,"Spear phishing is a targeted phishing attack aimed at specific individuals or organizations often customized with personal details to increase the likelihood of success.",
410. Define whaling in cybersecurity.,"Whaling is a type of phishing attack that specifically targets high profile individuals like CEOs or executives with customized and convincing fraudulent messages.",
411. What is vishing.,"Vishing is voice phishing where attackers use phone calls or voice messages to trick victims into revealing sensitive information or making financial transactions.",
412. What is smishing.,"Smishing is SMS phishing where attackers send text messages containing malicious links or fraudulent requests to deceive users.",
413. What is a denial of service DoS attack.,"A DoS attack attempts to make a system or network unavailable by overwhelming it with excessive requests or traffic.",
414. What is a distributed denial of service DDoS attack.,"A DDoS attack uses multiple compromised devices often part of a botnet to flood a target system with traffic making it inaccessible.",
415. Explain botnets.,"A botnet is a network of infected computers controlled remotely by an attacker to carry out tasks such as DDoS attacks or spreading malware.",
416. What is malware.,"Malware short for malicious software is any program designed to damage disrupt or gain unauthorized access to systems or networks.",
417. What are the main types of malware.,"The main types of malware include viruses worms trojans ransomware spyware and adware each with different methods of infection and impact.",
418. Explain ransomware.,"Ransomware is malware that encrypts a victims data and demands payment often in cryptocurrency for the decryption key.",
419. What is spyware.,"Spyware is malicious software that secretly monitors user activity and collects information such as keystrokes browsing habits or personal data.",
420. What is a trojan horse in cybersecurity.,"A trojan horse is malicious software disguised as legitimate software that tricks users into installing it and allows attackers to gain access to systems.",
421. Explain worms in cybersecurity.,"Worms are self replicating malware that spread without user interaction often through networks exploiting vulnerabilities to infect multiple systems.",
422. What is a computer virus.,"A computer virus is malicious code that attaches itself to files or programs and spreads when those files are executed or shared.",
423. What is zero day vulnerability.,"A zero day vulnerability is a software flaw unknown to the vendor that attackers exploit before a patch is available making it highly dangerous.",
424. What are honeypots.,"Honeypots are decoy systems or networks designed to attract attackers and study their behavior without exposing real assets to risk.",
425. What is penetration testing.,"Penetration testing is the practice of simulating cyber attacks on a system to identify and exploit vulnerabilities before real attackers can.",
426. Explain ethical hacking.,"Ethical hacking is authorized hacking performed by security professionals to identify vulnerabilities and improve the security posture of an organization.",
427. What is vulnerability assessment.,"Vulnerability assessment is the process of scanning and identifying weaknesses in systems applications or networks that could be exploited by attackers.",
428. What is threat intelligence.,"Threat intelligence is the collection and analysis of data on current and emerging threats to help organizations anticipate and defend against cyber attacks.",
429. What is incident response.,"Incident response is the process of detecting analyzing containing and recovering from cybersecurity incidents effectively and quickly.",
430. Explain disaster recovery plan.,"A disaster recovery plan outlines steps and strategies for restoring IT systems and data after disruptions caused by cyber attacks or natural disasters.",
431. What is business continuity plan BCP.,"A BCP ensures that essential business functions can continue during and after disruptions including cyber attacks or system failures.",
432. What is encryption.,"Encryption is the process of converting readable data into unreadable ciphertext to protect it from unauthorized access.",
433. Explain symmetric encryption.,"Symmetric encryption uses the same key for both encryption and decryption making it fast but requiring secure key distribution.",
434. Explain asymmetric encryption.,"Asymmetric encryption uses a pair of keys public and private where the public key encrypts data and the private key decrypts it.",
435. What is hashing in cybersecurity.,"Hashing converts data into a fixed length string called a hash which cannot be reversed and is used to verify integrity of data.",
436. What is digital signature.,"A digital signature is an electronic verification method that uses encryption to ensure data authenticity integrity and sender identity.",
437. What is public key infrastructure PKI.,"PKI is a framework for managing digital certificates and public key encryption enabling secure communication and authentication.",
438. Explain two factor authentication 2FA.,"2FA adds an extra layer of security requiring users to provide two forms of identification such as a password and OTP.",
439. What is multi factor authentication MFA.,"MFA requires users to provide multiple types of credentials such as password biometric and security token for access.",
440. What is a VPN.,"A VPN creates a secure encrypted connection between a user and the internet masking IP addresses and protecting data from interception.",
441. What is SSL TLS.,"SSL and TLS are cryptographic protocols that provide secure communication over the internet through encryption and authentication.",
442. Explain man in the middle MITM attack.,"A MITM attack occurs when an attacker intercepts and alters communication between two parties without their knowledge.",
443. What is DNS spoofing.,"DNS spoofing is a cyber attack where attackers alter DNS records to redirect users to malicious websites instead of legitimate ones.",
444. What is ARP spoofing.,"ARP spoofing is an attack where an attacker sends fake ARP messages to associate their MAC address with another devices IP address enabling data interception.",
445. What is SQL injection.,"SQL injection is a web attack where attackers insert malicious SQL queries into input fields to manipulate databases and steal data.",
446. What is cross site scripting XSS.,"XSS is a web vulnerability that allows attackers to inject malicious scripts into webpages viewed by other users.",
447. Explain cross site request forgery CSRF.,"CSRF is an attack where users are tricked into performing unintended actions on a web application in which they are authenti



#maths aptitude
Question,Answer
What is 25 plus 37.,"The sum of 25 and 37 is 62",
Find the average of 10 20 and 30,"The average is 20 because sum 60 divided by 3 is 20",
A train runs 60 km in 1 hour what is its speed,"Speed equals distance over time so 60 km per hour",
What is 15 percent of 200,"Fifteen percent of 200 is 30",
Simplify 12 times 8,"Twelve multiplied by eight equals 96",
What is the square of 13,"Thirteen squared equals 169",
If 5x equals 20 find x,"x equals 4 because 20 divided by 5 is 4",
What is the cube of 3,"Three cubed equals 27",
What is 81 divided by 9,Eighty one divided by nine equals 9,
If a shirt costs 200 and discount is 10 percent what is selling price,Ten percent of 200 is 20 so selling price is 180
Add 145 and 255,Their sum is 400,
What is 20 percent of 250,Twenty percent of 250 is 50
A box contains 24 candies if shared among 6 how many each,Each gets 4 because 24 divided by 6 is 4,
If a car covers 150 km in 3 hours what is average speed,Speed equals 150 divided by 3 which is 50 km per hour,
What is 15 times 14,Fifteen multiplied by fourteen equals 210,
If 30 percent of a number is 90 what is the number,Number equals 90 divided by 0.3 which is 300,
Find LCM of 8 and 12,Least common multiple is 24,
Find HCF of 48 and 18,Highest common factor is 6,
What is 7 factorial,Seven factorial equals 5040,
If 3 workers do a job in 6 days how many days for 6 workers,Work is inversely proportional so 3 workers times 6 days equals 18 worker days so 6 workers take 3 days,
Solve for x 2x plus 5 equals 17,Subtract 5 then divide by 2 so x equals 6,
What is 45 percent of 80,Forty five percent of 80 equals 36,
A rectangle length 12 width 5 find area,Area equals length times width so 60 square units,
If price rises 20 percent new price is 600 what was original price,Original price equals 600 divided by 1.2 which is 500,
What is 9 squared,Nine squared equals 81,
If a bottle holds 500 ml and 200 ml poured out how much left,Remaining volume equals 300 ml,
Convert 0.25 to percent,Zero point two five equals 25 percent,
If 4x minus 3 equals 13 find x,Add 3 get 16 then divide by 4 so x equals 4,
What is 14 times 7,Fourteen multiplied by seven equals 98,
If cost price 400 sold at 15 percent profit what is selling price,Profit is 60 so selling price is 460,
A tank fills at 20 liters per minute how much in 10 minutes,Twenty times ten equals 200 liters,
What is 11 times 11,Eleven squared equals 121,
If a number is increased by 25 percent it becomes 125 what was original number,Original equals 125 divided by 1.25 which is 100,
What is the perimeter of square side 9,Perimeter equals 4 times side so 36 units,
If 2 3 6 11 18 find next number pattern add differences 1 3 5 7 so next add 9,Next number is 27,
What is 5 percent of 1000,Five percent of 1000 equals 50,
A worker does 1 10 of a job per day how many days to finish,Ten days because one tenth per day times ten equals whole job,
If a number divided by 4 is 25 what is the number,Number equals 100,
What is 18 times 6,Eighteen multiplied by six equals 108,
If two angles of triangle are 45 and 45 what is third angle,Sum of angles 180 minus 90 equals 90,
If A is taller than B and B taller than C who is shortest,C is shortest because A taller than B and B taller than C,
Find next in sequence 2 4 8 16 what is next,Pattern doubles so next is 32,
If all roses are flowers and some flowers fade can we say some roses fade,Cannot conclude because some flowers fading may not include roses,
If day follows night and Tuesday follows Monday what follows Tuesday,Wednesday follows Tuesday by weekday order,
Which shape has three sides,Triangle because by definition it has three sides,
If statement p implies q and q is false what can we say about p,p must be false because if p were true q would be true,
Find odd one out among 2 3 5 8 11,8 is not prime so it is odd one out,
If John is older than Mary and Mary older than Sam who is youngest,Sam is youngest,
If two trains start same time one faster reaches earlier which is faster,The train that reaches earlier is faster,
Complete analogy Hand is to glove as foot is to what,Foot is to sock because a sock covers a foot similar to glove for a hand,
If five objects placed evenly in a circle how many adjacent pairs,There are five adjacent pairs equal to number of objects,
If cube and sphere which has edges,Cube has edges while sphere has none,
A coin flipped thrice what is probability of three heads,Probability equals one over eight because one possible outcome of eight,
If A and B cannot be true together and A is true what about B,B must be false because they cannot both be true,
Find next number 1 1 2 3 5 8 what is next,Fibonacci sequence next is 13,
If a puzzle has unique solution what does it mean,It means exactly one configuration satisfies all constraints,
Which comes next in pattern 10 7 4 1 what is next,Subtract three each time so next is negative two,
If three boxes one has gold and two empty and you pick one then switch after reveal does switching help Monty Hall,Yes switching increases probability to two thirds,
Which is heavier identical mass iron or wood same volume which is heavier,Iron is heavier because density is greater,
If statement all cats purr and Tom purrs can Tom be a cat,Tom may be a cat but purring alone does not prove it,
Find missing shape in simple series alternating square circle square circle so next,Next is square following pattern,
If code A equals 1 B equals 2 what is code for CAT,C A T equals 3 1 20,
If three people A B C ages 2 3 5 ratio sum 50 find ages,Use ratio parts sum equals 10 parts so each part equals five then ages are 10 15 and 25,
Which is true if all swans white and you see a black bird can it be swan,If rule holds universally then black bird cannot be swan,
Find next in decimal pattern 0 5 0 5 alternating what is next,Pattern alternates so next is 5,
If a and b commute ab equals ba what does that mean,It means order of multiplication does not change result,
If five people sit in row unique arrangements how many permutations,Number of permutations equals factorial five which is 120,
If box A contains only circles and box B contains only squares which box yields circle if you pick random from A,Box A yields circle because it contains only circles,
If logic puzzle gives set of clues what is best strategy,Use elimination and check consistency to deduce answers,
If light bulb works when switch up and is off when down what is state if switch up,Light bulb is on when switch up by given rule,
Choose synonym of quick,A synonym of quick is fast,
Find antonym of generous,An antonym of generous is stingy,
Fill in blank He is good at math He excels blank math,Correct preposition is in so he excels in math,
Which is noun in the sentence She likes reading,Reading used as noun gerund names an activity,
Choose correct form Their or There which shows place,There indicates place,
Find correct past tense of go,Past tense of go is went,
Which word is adjective in The red car,Red describes the car so it is adjective,
Pick correct article a or an before word hour,Use an before hour because hour starts with vowel sound,
Form plural of child,Plural of child is children,
Choose correct spelling accomodate or accommodate,Correct spelling is accommodate with double c and double m,
Which sentence is question Are you coming is it,Are you coming is a question because it asks,
Find synonym of big,A synonym of big is large,
Fill blank She has lived here five years use for or since,Use for she has lived here for five years,
Choose correct homophone their there or theyre for possession,Their shows possession,
Which is compound word greenhouse or green house,Greenhouse is compound meaning glass building for plants,
Find antonym of accept,Antonym of accept is reject,
Identify part of speech run in He likes to run,Run is a verb in this sentence,
Choose correct tense He will go yesterday or he went yesterday,He went yesterday is correct past tense,
Which word is adverb in She sings beautifully,Beautifully modifies sings so it is adverb,
Find correct preposition between or among for two items use between,Use between for two items,
Choose correct comparative of happy,Comparative of happy is happier,
Find synonym of begin,A synonym of begin is start,
Which is correct plural of fox,Plural of fox is foxes,
Pick correct form its or it's for contraction,It's is contraction of it is,
Identify the subject in The cat sleeps on the mat,The cat is subject performing action sleeps,
Find adjective that means not new old or ancient,Old or ancient indicate not new adjective old fits,
Which punctuation ends a sentence,A period ends a declarative sentence,
Fill blank Choose fewer or less for countable items use fewer,Use fewer with countable items,
Select correct collocation make a decision or do a decision,Make a decision is correct collocation,
Which is antonym of polite,Antonym of polite is rude,

Question,Answer
A number is increased by 20% and then decreased by 10%. If the final number is 264 find the original number.,244.44
If 30% of a number is 45 what is 40% of that number?,60
A salary of $5000 is increased by 15%. What is the new salary?,$5750
If a price is reduced by 25% and the new price is $150 what was the original price?,$200
A number is decreased by 10% and then increased by 20%. If the final result is 264 find the original number.,244.44
If 40% of a number exceeds 25% of it by 30 find the number.,200
A shop offers a 20% discount on an item and still makes a 20% profit. If the cost price is $100 find the marked price.,$150
If a population increases by 10% annually what is the population after 2 years if it is 1000 now?,1210
A number is increased by 25% and then decreased by 20%. If the result is 300 find the original number.,300
If 15% of a number is 60 what is 75% of that number?,300 Profit and Loss
A shopkeeper sells an item at a 10% profit. If the cost price is $200 what is the selling price?,$220
An article is sold at a 15% loss. If the selling price is $170 find the cost price.,$200
A man buys an item for $150 and sells it for $180. Find the profit percentage.,20%
If a book is sold for $120 at a 20% loss what is the cost price?,$150
A trader marks an item 25% above cost price and gives a 10% discount. If the cost price is $200 find the selling price.,$225
An item is sold at a 5% profit. If the cost price is $400 what is the selling price?,$420
A shopkeeper sells a product at a 12% loss. If the cost price is $250 find the selling price.,$220
If an article is bought for $300 and sold for $360 what is the profit percentage?,20%
A vendor marks up an item by 40% and offers a 15% discount. If the cost price is $500 find the selling price.,$595
If the selling price of an item is $180 and the loss is 10% find the cost price.,$200 Time and Work
A can do a work in 12 days and B can do it in 18 days. How long will they take together?,7.2 days
If 6 workers complete a job in 8 days how long will 4 workers take?,12 days
A can do a work in 15 days and B in 20 days. If they work together for 5 days what fraction of the work is left?,5/12
If 3 men can complete a task in 10 days how many men are needed to complete it in 6 days?,5 men
A can do a job in 10 days. After working for 4 days B joins and they finish in 3 more days. How long does B take alone?,10 days
If 8 machines produce 160 units in 5 hours how many units will 6 machines produce in 4 hours?,96 units
A and B together can do a work in 6 days. If A alone takes 10 days how long does B take?,15 days
If 5 workers build a wall in 12 days how long will 3 workers take?,20 days
A can do a work in 8 days and B in 12 days. How much work is done in 3 days together?,5/8
If 4 men can paint a house in 15 days how many men are needed to paint it in 10 days?,6 men Time and Distance
A car travels 240 km in 4 hours. What is its speed in km/h?,60 km/h
A train covers 300 km at 50 km/h. How long does it take?,6 hours
A cyclist travels at 20 km/h for 3 hours and then at 15 km/h for 2 hours. What is the total distance?,90 km
Two cars start from the same point. One travels at 60 km/h and the other at 40 km/h in the same direction. What is their distance apart after 3 hours?,60 km
A man walks at 5 km/h for 2 hours and then cycles at 15 km/h for 1 hour. What is his average speed?,8.33 km/h
A train travels 180 km at 45 km/h. How long does it take?,4 hours
A car covers a distance at 60 km/h and returns at 40 km/h. If the total time is 5 hours find the distance.,120 km
A person travels 100 km at 25 km/h and another 100 km at 50 km/h. What is the average speed?,33.33 km/h
A bus travels at 50 km/h for 2 hours and then at 60 km/h for 3 hours. What is the total distance?,280 km
Two trains approach each other at 60 km/h and 40 km/h. If they are 200 km apart when will they meet?,2 hours Ratios and Proportions
If the ratio of two numbers is 3:5 and their sum is 80 find the numbers.,30 and 50
Divide $180 in the ratio 2:3:5.,$36 $54 $90
If A:B = 4:5 and B:C = 3:2 find A:C.,6:5
If 2:3 :: x:18 find x.,12
The ratio of two quantities is 5:7. If the larger quantity is 28 find the smaller.,20
Divide 240 in the ratio 3:4:5.,60 80 100
If A:B = 2:3 and B:C = 5:4 find A:B:C.,10:15:12
If the ratio of two numbers is 7:9 and their difference is 8 find the numbers.,28 and 36
If 5:8 :: 20:x find x.,32
The ratio of incomes of A and B is 3:4 and their expenditures are in the ratio 4:5. If A saves $100 and B saves $200 find their incomes.,$900 $1200 Averages
The average of 5 numbers is 40. If one number is 50 what is the average of the remaining 4?,37.5
The average weight of 6 people is 60 kg. If one person weighing 70 kg leaves what is the new average?,58 kg
The average of 7 numbers is 35. If two numbers are 40 and 45 find the average of the remaining 5.,32
The average of 4 numbers is 25. If three numbers are 20 30 and 25 find the fourth number.,25
The average score of a class of 10 students is 80. If one student scores 90 what is the average of the others?,78.89
The average of 8 numbers is 50. If one number is removed the average becomes 48. Find the removed number.,64
The average of 5 numbers is 30. If a new number is added and the average becomes 32 find the new number.,42
The average of 6 numbers is 45. If two numbers are 50 and 60 find the average of the remaining 4.,40
The average of 9 numbers is 36. If one number is 54 what is the average of the remaining 8?,33.75



Question,Answer
What is the difference between compiled and interpreted languages?,"Compiled languages convert code to machine language before execution; interpreted languages run code line-by-line at runtime."
What is OOP?,"A programming paradigm based on objects representing real-world entities."
What are the four pillars of OOP?,"Encapsulation, Inheritance, Polymorphism, and Abstraction."
What is a constructor?,"A special method that initializes an object when a class is instantiated."
What is polymorphism?,"Ability of methods to behave differently based on context (overloading/overriding)."
What is inheritance?,"A mechanism where one class derives features from another class."
What is encapsulation?,"Wrapping data and methods together and restricting access using modifiers."
What is the difference between method overloading and overriding?,"Overloading changes parameters in same class; overriding redefines a method in a subclass."
What is an array?,"A data structure that stores elements of the same type in contiguous memory."
What is a linked list?,"A linear data structure where each node points to the next."
What is a stack?,"A LIFO (Last In First Out) data structure."
What is a queue?,"A FIFO (First In First Out) data structure."
What is a binary tree?,"A tree where each node has at most two children."
What is a hash table?,"Stores key-value pairs using hashing for fast lookup."
What is recursion?,"A function calling itself until a base condition is met."
What is BFS?,"Breadth-First Search explores nodes level by level."
What is DFS?,"Depth-First Search explores as deep as possible before backtracking."
What is Big-O notation?,"A notation representing time/space complexity in terms of input size."
What is bubble sort?,"A simple sorting algorithm that repeatedly swaps adjacent elements if out of order."
How does quicksort work?,"Uses pivot-based partitioning and recursively sorts subarrays."
What is merge sort?,"A divide-and-conquer algorithm that splits, sorts, and merges subarrays."
What is selection sort?,"Repeatedly selects the smallest element and places it in sorted order."
What is a greedy algorithm?,"An algorithm that makes the best local choice at each step."
What is backtracking?,"Tries solutions, undoing decisions if they fail, then trying alternatives."
What is a graph?,"A collection of nodes (vertices) and edges representing relationships."
What is Dijkstra’s algorithm?,"A shortest path algorithm for weighted graphs with non-negative weights."
Explain binary search.,"Searches sorted data by repeatedly dividing the search space in half."
Difference between linear and binary search?,"Linear checks sequentially; binary divides and requires sorted data."
What is HTML?,"A markup language used to structure webpage content."
What is CSS?,"A stylesheet language used to design and layout webpages."
What is JavaScript?,"A scripting language used for dynamic and interactive web content."
What is frontend development?,"Development of UI and user interactions in a browser."
What is backend development?,"Server-side logic, business rules, and database management."
What is responsive design?,"Design approach to make webpages adapt to all screen sizes."
What is the DOM?,"Document Object Model represents webpage elements as objects."
What is AJAX?,"Method to request data from a server without reloading the page."
What is a REST API?,"API that uses HTTP methods for data operations."
What are HTTP verbs?,"Methods like GET, POST, PUT, PATCH, DELETE used in APIs."
What is the difference between GET and POST?,"GET fetches data; POST submits or updates data."
What is SDLC?,"Software Development Life Cycle: stages from requirement to maintenance."
What is Agile?,"Iterative development methodology with faster delivery and feedback cycles."
What is Scrum?,"An Agile framework with roles, sprints, and ceremonies."
What is a sprint?,"Small development cycle in Scrum (1–4 weeks)."
What is the Waterfall model?,"Sequential SDLC model with fixed phases."
What is version control?,"System to track changes in source code (e.g., Git)."
What is Git?,"A distributed version control system."
What is a merge conflict?,"A conflict when different changes are made to the same part of code."
What is CI/CD?,"Continuous Integration and Continuous Deployment automating testing and delivery."
What is a code review?,"Evaluation of code quality and correctness before merging."
What is a database?,"Structured storage of data for easy retrieval and management."
What is SQL?,"Structured Query Language used to manage relational databases."
Difference between SQL and NoSQL?,"SQL uses schemas and tables; NoSQL uses flexible structures like key-value/document stores."
What is normalization?,"Organizing data to reduce redundancy and improve integrity."
What is a primary key?,"Unique identifier for a record in a table."
What is a foreign key?,"A reference to a primary key in another table to enforce relationships."
What is an index in SQL?,"Improves query speed by providing fast data lookup."
What is a JOIN?,"Combines rows from multiple tables based on related columns."
What are types of JOIN?,"Inner, Left, Right, Full, Cross Join."
What is ACID?,"Atomicity, Consistency, Isolation, Durability—ensures reliable transactions."
What is software testing?,"Process of identifying defects and verifying software quality."
What is unit testing?,"Testing individual modules or functions."
What is integration testing?,"Testing how combined modules work together."
What is system testing?,"Testing the complete integrated system."
What is regression testing?,"Retesting after changes to ensure existing features work."
What is automation testing?,"Using tools/scripts to test software instead of manual execution."
What is black-box testing?,"Tests functionality without knowing internal code details."
What is white-box testing?,"Tests internal logic and code structure."
What is an API?,"Interface that allows different software components to communicate."
What is JSON?,"Lightweight data format using key-value pairs; commonly used in APIs."
What is XML?,"Markup language for structured data representation."
What is an IDE?,"Integrated Development Environment that provides tools for coding, debugging, and building software."
What is a framework?,"A reusable platform providing structure and tools for development (e.g., React, Django)."
What is a library?,"Reusable code providing specific functionality without controlling program flow."
What is multithreading?,"Running multiple threads concurrently to improve performance."
What is a deadlock?,"When two threads wait for resources held by each other, causing a stall."
What is a compiler?,"Program that converts code into machine language before execution."
What is an interpreter?,"Executes code line-by-line at runtime."
What is an exception?,"An error event that interrupts program execution."
What is exception handling?,"Mechanism to handle errors gracefully (try-catch blocks)."
What is garbage collection?,"Automatic memory management that frees unused memory."
What is API testing?,"Testing API responses, performance, and error handling."
What is load testing?,"Testing system performance under heavy usage."
What is scalability?,"Ability of a system to handle increased load without failure."
What is cloud computing?,"On-demand access to shared computing resources over the internet."
What is DevOps?,"Practice combining development and operations for faster delivery."
What is microservices architecture?,"Software built as small independent services communicating via APIs."
What is containerization?,"Packaging software with dependencies (e.g., Docker) to run consistently across environments."
What is Docker?,"A platform to build and run containerized applications."
What is Kubernetes?,"An orchestration tool to manage and scale containers."
What is REST vs SOAP?,"REST uses HTTP/JSON; SOAP is protocol-based using XML and stricter rules."
What is caching?,"Storing frequently accessed data temporarily for faster access."
What is CRUD?,"Create, Read, Update, Delete—basic data operations."
What is encryption?,"Converting data into unreadable form to protect it from unauthorized access."
What is authentication?,"Process to verify user identity."
What is authorization?,"Process to determine access rights after authentication."

#Data science
Question,Answer
What is Data Science?,"Data Science is a multidisciplinary field that uses statistics, algorithms, and machine learning to extract insights from data."
Difference between Data Science and Data Analytics?,"Data Science focuses on building models and predictions, while Data Analytics focuses on interpreting and analyzing historical data."
What is Machine Learning?,"Machine Learning is a subset of AI that enables systems to learn patterns from data without being explicitly programmed."
What is supervised learning?,"A type of machine learning where the model learns using labeled data."
What is unsupervised learning?,"Machine learning that uses unlabeled data to find hidden patterns or clusters."
What is deep learning?,"Deep learning is a subset of ML that uses neural networks with multiple layers."
What is a dataset?,"A structured collection of data used for analysis or training ML models."
What is overfitting?,"When a model learns training data too well and performs poorly on new data."
How to avoid overfitting?,"Use regularization, cross-validation, dropout, or collect more training data."
What is underfitting?,"When a model is too simple and performs poorly on both training and test data."
What is bias in ML?,"Bias is an error due to overly simplistic assumptions in the model."
What is variance in ML?,"Variance is an error due to too much complexity causing sensitivity to data fluctuations."
What is the bias-variance tradeoff?,"It is a compromise between a model's simplicity (bias) and complexity (variance)."
What is a confusion matrix?,"A table used to evaluate the performance of a classification model."
What is accuracy?,"The ratio of correctly predicted observations to total observations."
What is precision?,"Precision = True Positives / (True Positives + False Positives)."
What is recall?,"Recall = True Positives / (True Positives + False Negatives)."
What is F1-score?,"The harmonic mean of precision and recall."
What is feature engineering?,"The process of creating new features or modifying existing ones to improve model performance."
What is feature selection?,"Choosing the most relevant features to use in model training."
What is normalization?,"Scaling values between 0 and 1 to bring all features to a similar range."
What is standardization?,"Transforming data to have mean 0 and standard deviation 1."
What is classification?,"A supervised learning task that predicts categorical values."
What is regression?,"A supervised learning technique that predicts continuous values."
Example of classification algorithm?,"Decision Tree, Random Forest, SVM, Logistic Regression."
Example of regression algorithm?,"Linear Regression, Ridge Regression, Lasso Regression."
What is clustering?,"An unsupervised technique that groups similar data points."
Example of clustering algorithm?,"K-means, DBSCAN, Hierarchical Clustering."
What is K-means?,"A clustering algorithm that groups data into K clusters based on distance."
What is PCA?,"Principal Component Analysis is a dimensionality reduction technique."
What is dimensionality reduction?,"Reducing the number of features while keeping important information."
What is a neural network?,"A machine learning model inspired by the human brain that processes data using interconnected nodes."
What is training data?,"Data used to build a model."
What is test data?,"Data used to evaluate the performance of a trained model."
What is cross-validation?,"A technique that splits data into multiple parts to validate model performance."
What is logistic regression used for?,"Classification problems."
What is linear regression used for?,"Predicting continuous values."
What is a decision tree?,"A model that splits data into branches based on feature conditions."
What is a random forest?,"An ensemble of decision trees that improves accuracy and reduces overfitting."
What is SVM?,"Support Vector Machine; maximizes margin between classes."
What is a ROC curve?,"A graph showing the tradeoff between true positive rate and false positive rate."
What is AUC?,"Area Under the Curve; measures classifier performance."
What is a time series?,"Data collected over time in chronological order."
Example of time series model?,"ARIMA, LSTM."
What is missing data?,"Data values that are not recorded or unavailable."
How to handle missing data?,"Remove rows, fill using mean/median, or use ML imputations."
What is outlier?,"A data point that is significantly different from others."
How to handle outliers?,"Remove, cap values, or use robust models."
What is correlation?,"A measure of the strength between two variables."
What is P-value?,"Probability that the observed result is due to chance."
What is hypothesis testing?,"A statistical method to test assumptions using sample data."
What is an ML model evaluation metric?,"Measures like Accuracy, Precision, Recall, RMSE, MAE."
What is RMSE?,"Root Mean Square Error; evaluates regression performance."
What is MAE?,"Mean Absolute Error; average of absolute differences between actual and predicted values."
What is over-sampling?,"Increasing minority class samples to balance dataset."
What is under-sampling?,"Reducing majority class samples to balance dataset."
What is a balanced dataset?,"A dataset where all classes have similar amounts of samples."
What is Hadoop?,"An open-source framework for distributed storage and processing of big data."
What is Spark?,"A fast distributed data processing framework."
Difference between Hadoop and Spark?,"Hadoop uses disk processing; Spark uses in-memory processing and is faster."
What is a recommender system?,"A system used to provide personalized content suggestions."
Example of recommender system?,"Netflix movie suggestions, Amazon product recommendations."
What are collaborative filtering methods?,"Methods that recommend items based on user behavior similarities."
What is content-based filtering?,"Technique recommending items based on item similarity."
What is NLP?,"Natural Language Processing; field for processing text data."
Example of NLP tasks?,"Sentiment analysis, text classification, translation."
What is tokenization?,"Splitting text into words or sentences."
What is stemming?,"Reducing words to their base root by removing suffixes."
What is lemmatization?,"Reducing words to their base form using vocabulary and grammar."
What is TF-IDF?,"A technique to measure importance of words in documents."
What is word embedding?,"Vector representation of words (e.g., Word2Vec, GloVe)."
What is overfitting in deep learning?,"When the model memorizes training data and performs poorly on test data."
How to avoid overfitting in deep learning?,"Use dropout, data augmentation, early stopping."
What is batch size?,"Number of samples processed before updating the model weights."
What is epoch?,"One complete round of training the entire dataset."
What is gradient descent?,"An optimization method to minimize errors by adjusting weights."
What is learning rate?,"Controls step size in gradient descent optimization."
What are activation functions?,"Functions like ReLU, Sigmoid, Tanh used in neural networks."
What is ReLU?,"Rectified Linear Unit; activation function replacing negative values with zero."
What is loss function?,"A function that measures model error."
Example of loss functions?,"MSE, Cross-Entropy, Hinge Loss."
What is cross-entropy loss?,"A loss used for classification problems."
What is backpropagation?,"A method to update neural network weights using gradients."
What is feature scaling?,"Technique to normalize or standardize features for ML."
What is an anomaly detection?,"Technique to identify rare or unusual data points."
What is reinforcement learning?,"Learning based on reward and punishment signals."
Example of reinforcement learning?,"Gaming AI, robots, recommendation optimization."
What is big data?,"Extremely large datasets that cannot be processed using traditional systems."
What is EDA?,"Exploratory Data Analysis; summarizing data using statistics and visualization."
What is a heatmap?,"A visual representation showing correlation using colors."
What is batch normalization?,"Technique to stabilize and speed up neural network training."
Difference between parametric and non-parametric models?,"Parametric models assume a fixed form; non-parametric models do not."
What is a chatbot?,"An AI tool that responds to user conversation using NLP."
What is transfer learning?,"Using a pre-trained model for a new task."
What is cloud computing in Data Science?,"Storing and processing data using cloud services like AWS, Azure, GCP."
What is data cleaning?,"Fixing incorrect, duplicate, or missing values in data."
What is model deployment?,"Putting a trained model into production for real-world use."
What is MLOps?,"Practices for managing ML models in production."


#AI
Question,Answer
What is Artificial Intelligence?,"AI is the simulation of human intelligence in machines programmed to think and learn."
What are the types of AI?,"Reactive Machines, Limited Memory, Theory of Mind, Self-Aware AI."
What is Narrow AI?,"AI designed for a specific task like voice assistants or image recognition."
What is General AI?,"AI with human-level abilities that can perform any intellectual task."
What is Super AI?,"AI that surpasses human intelligence in all tasks."
What is Machine Learning?,"A subset of AI that learns from data without explicit programming."
What is Deep Learning?,"A subset of ML using multi-layer neural networks."
Difference between AI and ML?,"ML is a part of AI; AI is the broader concept of machines mimicking intelligence."
Difference between ML and DL?,"DL uses neural networks; ML includes simpler algorithms like decision trees and SVM."
What is an algorithm?,"A step-by-step procedure to solve a problem or compute a function."
What is training data?,"Data used to teach a machine learning model."
What is testing data?,"Data used to evaluate model performance after training."
What is supervised learning?,"Learning from labeled data to predict outcomes."
What is unsupervised learning?,"Learning from unlabeled data to find hidden patterns."
What is reinforcement learning?,"AI learns through rewards and penalties by interacting with the environment."
What are neural networks?,"Computational models inspired by the human brain, made of interconnected neurons."
What is backpropagation?,"An algorithm to adjust neural network weights using gradient descent."
What is a perceptron?,"A single-layer neural network used for binary classification."
What is activation function?,"A function like ReLU or Sigmoid that introduces non-linearity in neural networks."
Example of activation functions?,"ReLU, Sigmoid, Tanh, Softmax."
What is ReLU?,"Rectified Linear Unit; replaces negative values with zero."
What is loss function?,"A function measuring prediction error of a model."
Example of loss functions?,"Cross-Entropy, MSE, Hinge Loss."
What is optimization in AI?,"Process of reducing model error by updating weights."
What is gradient descent?,"An optimization technique that minimizes error by adjusting parameters."
What is learning rate?,"A parameter that controls step size during optimization."
What is epoch?,"One complete pass through the training dataset."
What is batch size?,"Number of training samples processed before weight update."
What is a model?,"A learned representation of a pattern used for prediction."
What is inference?,"Using a trained model to make predictions on new data."
What is overfitting?,"Model performs well on training data but poorly on test data."
How to prevent overfitting?,"Use dropout, cross-validation, regularization, or more data."
What is underfitting?,"Model is too simple and performs poorly on both training and test data."
What is regularization?,"Technique that reduces model complexity to prevent overfitting."
Types of regularization?,"L1 (Lasso), L2 (Ridge)."
What is dropout?,"A technique that randomly disables neurons during training to reduce overfitting."
What is a decision tree?,"A model that splits data based on feature values."
What is random forest?,"An ensemble of decision trees to improve accuracy."
What is SVM?,"Support Vector Machine; separates classes using a hyperplane."
What is convolutional neural network (CNN)?,"Deep learning model for image and video processing."
What is recurrent neural network (RNN)?,"A neural network that remembers previous inputs, good for sequential data."
What is LSTM?,"Long Short-Term Memory, a type of RNN used for long-term dependency tasks."
What is GAN?,"Generative Adversarial Network; consists of generator and discriminator to create fake data."
What is NLP?,"Natural Language Processing; AI field on text and language data."
Example of NLP applications?,"Chatbots, translation, sentiment analysis."
What is tokenization?,"Breaking text into words or sentences."
What is lemmatization?,"Reducing words to their base grammatical form."
What is stemming?,"Removing suffixes to reduce word variations."
What is speech recognition?,"AI that converts spoken language into text."
What is computer vision?,"AI that enables machines to interpret visual information."
What is Turing Test?,"A test to evaluate a machine's ability to show human-like intelligence."
What is a knowledge base?,"Database storing information used by AI systems."
What is expert system?,"AI system designed to emulate decision-making like a human expert."
What is fuzzy logic?,"Logic that handles uncertain or imprecise information."
What is an intelligent agent?,"An AI system that perceives its environment and takes actions autonomously."
What is search algorithm?,"Algorithm used by AI to find optimal solutions in problem spaces."
Examples of search algorithms?,"A*, BFS, DFS, Dijkstra."
What is heuristic?,"A rule-of-thumb method that improves decision making speed."
What is ChatGPT?,"A large language model trained to understand and generate human-like text."
What is transformer architecture?,"A deep learning model using attention mechanisms for NLP tasks."
What is attention mechanism?,"Technique that focuses on relevant parts of input for prediction."
What is transfer learning?,"Using a pre-trained model to solve a new problem."
What is fine-tuning?,"Adjusting a pre-trained model for a specific task."
What is XAI?,"Explainable AI; makes AI models transparent and understandable."
What is bias in AI?,"Unfair outcomes caused by biased training data."
What is data augmentation?,"Creating modified versions of data to increase dataset size."
What is a hyperparameter?,"Configuration setting externally set before training a model."
Examples of hyperparameters?,"Learning rate, batch size, number of layers."
What is model evaluation?,"Assessing a model using metrics like accuracy, F1-score, RMSE."
What is real-time AI?,"AI systems that make decisions instantly, like self-driving cars."
What is autonomous driving AI?,"AI used to control vehicles without human intervention."
What is edge AI?,"AI deployed on devices rather than cloud servers to reduce latency."
What is cloud AI?,"AI services hosted on cloud platforms like AWS, Azure, GCP."
What is robotics?,"A field combining AI and engineering to build intelligent machines."
What is humanoid robot?,"A robot designed to resemble and mimic human behavior."
What is swarm intelligence?,"AI inspired by collective behavior of animals like ants and bees."
What is computer ethics in AI?,"Study of moral issues in AI technology and decisions."
What is AI ethics?,"Principles ensuring AI usage is safe, fair, and non-harmful."
What is cybersecurity AI?,"AI systems designed to detect and prevent cyber threats."
What is recommendation system?,"AI suggesting items to users based on behavior and preferences."
What are chatbots?,"AI programs that simulate human conversation."
What is sentiment analysis?,"Analyzing emotions or opinions in text."
What is anomaly detection?,"AI identifying rare or abnormal patterns."
What is predictive analysis?,"AI predicting future events based on historical data."
What is generative AI?,"AI that creates new content like images, text, music."
What is robotic process automation (RPA)?,"Automation of repetitive tasks using AI/ML."
What is quantum AI?,"Combining quantum computing and AI for faster computation."
What is big data?,"Extremely large datasets used for training complex AI models."
What is data preprocessing?,"Cleaning and preparing data before model building."
What is feature engineering?,"Creating new meaningful features for model improvement."
What is dimensionality reduction?,"Reducing number of features while retaining important data."
What is PCA?,"Principal Component Analysis, a dimensionality reduction technique."
What is clustering?,"Unsupervised grouping of similar data points."
Examples of clustering?,"K-means, DBSCAN, Hierarchical Clustering."
What is K-means?,"Algorithm grouping data into K clusters based on similarity."
What is DBSCAN?,"Density-based clustering algorithm."
What is scalability in AI?,"Ability of a system to handle increasing data or workloads."
What is model deployment?,"Releasing AI models into production for real use."
What is MLOps?,"Practices for managing ML/AI lifecycle from training to deployment."
What is AI performance metric?,"Measures like accuracy, precision, recall, F1, RMSE, ROC-AUC."


#ML
Question,Answer
What is Machine Learning?,"ML is a subset of AI that enables systems to learn from data without explicit programming."
What are the types of Machine Learning?,"Supervised Learning, Unsupervised Learning, Reinforcement Learning."
What is Supervised Learning?,"Learning using labeled data to predict outcomes."
What is Unsupervised Learning?,"Learning from unlabeled data to find hidden patterns."
What is Reinforcement Learning?,"Learning through rewards and penalties by interacting with an environment."
What are examples of supervised algorithms?,"Linear Regression, Decision Tree, SVM, Random Forest, Logistic Regression."
What are examples of unsupervised algorithms?,"K-means, Hierarchical Clustering, PCA, Apriori."
What is Classification?,"A supervised technique that predicts categorical labels."
What is Regression?,"A supervised technique that predicts continuous values."
What is Clustering?,"An unsupervised technique that groups similar data points."
What is Dimensionality Reduction?,"Reducing the number of features while retaining useful information."
What is PCA?,"Principal Component Analysis, used for dimensionality reduction."
What is a Feature?,"An input variable used in making predictions."
What is Feature Engineering?,"Creating new features or modifying existing ones for better performance."
What is Feature Scaling?,"Normalizing or standardizing features to equalize data ranges."
What is Normalization?,"Scaling data values between 0 and 1."
What is Standardization?,"Transforming data to have mean 0 and standard deviation 1."
What is One-Hot Encoding?,"Converting categorical variables into binary vectors."
What is Label Encoding?,"Converting categorical labels into numeric labels."
What is Training Data?,"Data used to build the model."
What is Testing Data?,"Data used to evaluate model performance."
What is Validation Data?,"Data used to fine-tune model hyperparameters."
What is Cross-Validation?,"A technique to validate performance by splitting data into multiple folds."
What is K-Fold Cross Validation?,"Technique dividing data into k parts, training on k-1 parts, testing on the remaining part."
What is Overfitting?,"Model performs well on training data but poorly on test data."
How to avoid Overfitting?,"Use regularization, dropout, cross-validation, or more data."
What is Underfitting?,"Model is too simple and performs poorly on both training and test data."
What is Bias?,"Error due to overly simplistic model assumptions."
What is Variance?,"Error due to too much model complexity causing sensitivity to data."
Explain Bias-Variance Tradeoff?,"A balance between model simplicity (bias) and complexity (variance)."
What is a Confusion Matrix?,"Table showing true and false classifications for evaluating models."
What is Accuracy?,"Correct predictions / Total predictions."
What is Precision?,"True Positives / (True Positives + False Positives)."
What is Recall?,"True Positives / (True Positives + False Negatives)."
What is F1-Score?,"Harmonic mean of precision and recall."
What is AUC-ROC?,"Metric showing classifier performance as a curve of TPR vs FPR."
What is a Decision Tree?,"A model that splits data into branches based on rules."
What is Random Forest?,"An ensemble of decision trees to improve accuracy."
What is Logistic Regression?,"A classification algorithm using a logistic function."
What is Linear Regression?,"Regression algorithm that models the relationship between variables using a linear equation."
What is Support Vector Machine (SVM)?,"Algorithm that separates classes using a maximum-margin hyperplane."
What is Kernel in SVM?,"Function to transform data into higher dimensions to classify it better."
What is Naive Bayes?,"A classifier based on Bayes’ theorem assuming independence among features."
What is KNN?,"K-Nearest Neighbors, classifies based on the majority class of nearest points."
What is K-Means?,"Clustering algorithm grouping data into K clusters based on distance."
What is DBSCAN?,"Density-based clustering algorithm."
What is Gradient Descent?,"Optimization algorithm minimizing error by adjusting parameters."
What are Hyperparameters?,"Settings configured before training like learning rate, batch size, number of trees."
What is a Cost Function?,"Measures error between predictions and actual values."
Examples of Cost Functions?,"MSE, RMSE, MAE, Cross-Entropy."
What is Mean Squared Error (MSE)?,"Average squared difference between predicted and actual values."
What is Root Mean Squared Error (RMSE)?,"Square root of MSE."
What is Mean Absolute Error (MAE)?,"Average of absolute differences between predicted and actual values."
What is Ensemble Learning?,"Combining multiple models to improve performance."
Types of Ensemble Learning?,"Bagging, Boosting, Stacking."
What is Bagging?,"Training multiple models in parallel using random samples."
What is Boosting?,"Sequentially improving weak learners to strong learners."
Examples of Boosting Algorithms?,"AdaBoost, Gradient Boosting, XGBoost, LightGBM, CatBoost."
What is XGBoost?,"Extreme Gradient Boosting, a fast and powerful boosting algorithm."
What is LightGBM?,"Boosting algorithm using leaf-wise tree growth for speed and accuracy."
What is CatBoost?,"Boosting algorithm designed to handle categorical variables automatically."
What is Stacking?,"Combining predictions of multiple models using a meta-learner."
What is a Neural Network?,"Model inspired by the human brain with interconnected neurons."
What is an Activation Function?,"Function introducing non-linearity like ReLU, Sigmoid, Tanh."
What is ReLU?,"Activation function replacing negative values with zero."
What is Sigmoid Function?,"Activation function mapping values between 0 and 1."
What is Backpropagation?,"Algorithm to update neural weights using gradient descent."
What is Epoch?,"Single pass of entire training dataset through the model."
What is Batch Size?,"Number of samples processed before updating weights."
What is Dropout?,"Technique that randomly disables neurons during training to reduce overfitting."
What is Data Augmentation?,"Creating modified data samples to increase dataset size."
What is Dimensionality Curse?,"High dimensions reduce model performance due to sparsity."
What is Time Series Forecasting?,"Predicting future values using historical sequential data."
Example of Time Series Models?,"ARIMA, LSTM, Prophet."
What is AutoML?,"System that automates ML model selection and tuning."
What is Model Deployment?,"Deploying trained ML models to production for real use."
What is MLOps?,"Practices to manage ML lifecycle from development to deployment."
What is Feature Selection?,"Choosing the most relevant features for model building."
What is Model Drift?,"Degradation in model performance due to changing data patterns."
What is Explainable AI (XAI)?,"Methods to interpret and explain model decisions."
What is Big Data?,"Large datasets that are too big for traditional processing."
What is Data Cleaning?,"Fixing inconsistencies, duplicates, and missing values."
How to handle Missing Data?,"Drop rows, fill with mean/median, or use ML imputation."
What is Outlier?,"Data point significantly different from other observations."
How to handle Outliers?,"Remove, cap values, or use robust algorithms."
What is Correlation?,"Relationship strength between two variables."
What is Multicollinearity?,"High correlation among independent features causing model instability."
How to handle Multicollinearity?,"Remove features, use PCA, or regularization."
What is Regularization?,"Technique preventing overfitting by adding penalty to loss function."
Types of Regularization?,"L1 (Lasso), L2 (Ridge)."
What is Lasso Regression?,"Linear regression using L1 regularization to shrink some coefficients to zero."
What is Ridge Regression?,"Linear regression using L2 regularization to shrink all coefficients."
What is Elastic Net?,"Regression combining L1 and L2 regularization."
What is Confusion Matrix Used For?,"Evaluating classification performance."
What is A/B Testing?,"Comparing two versions of a model or system to find the better one."
What is Online Learning?,"Model updates incrementally with streaming data."
What is Reinforcement Signal?,"Reward or penalty used in reinforcement learning."
What is Real-Time ML?,"ML that updates and predicts instantly on live data."
What is Predictive Analytics?,"Using data and ML to predict future outcomes."

#computer network
Question,Answer
What is a computer network?,"A group of connected devices that communicate and share resources."
What is the purpose of networking?,"To enable data sharing, communication, and resource sharing between devices."
What is a node?,"A device connected to a network, such as a computer, router, or switch."
What is a server?,"A device that provides services to other devices known as clients."
What is a client?,"A device that requests services from a server."
What is bandwidth?,"The maximum data transfer rate of a network."
What is latency?,"The delay before data is transmitted or received."
What is throughput?,"The actual speed of successful data transmission over a network."
What is protocol?,"A set of rules governing communication between devices."
What is TCP/IP?,"A suite of protocols enabling communication over the Internet."
What is IP address?,"A unique identifier assigned to devices on a network."
What is IPv4?,"A 32-bit address format used for identifying devices on a network."
What is IPv6?,"A 128-bit address format introduced to replace IPv4 due to address shortage."
Difference between IPv4 and IPv6?,"IPv4 uses 32-bit addresses; IPv6 uses 128-bit addresses with larger address space."
What is MAC address?,"A unique hardware address assigned to a network interface card (NIC)."
What is DNS?,"Domain Name System, translates domain names into IP addresses."
What is DHCP?,"Dynamic Host Configuration Protocol, assigns IP addresses automatically."
What is NAT?,"Network Address Translation, translates private IP addresses to public IPs."
What is routing?,"The process of selecting a path for data across networks."
What is switching?,"Forwarding data within the same network using MAC addresses."
What is a router?,"A device that forwards packets between different networks using IP addresses."
What is a switch?,"A device that forwards frames within the same network using MAC addresses."
What is a hub?,"A simple device that broadcasts data to all connected devices."
Difference between hub and switch?,"Hub broadcasts to all; switch sends data only to intended destination."
What is LAN?,"Local Area Network covering a small area like home, office, or school."
What is WAN?,"Wide Area Network covering large geographical areas like countries."
What is MAN?,"Metropolitan Area Network covering a city or region."
What is PAN?,"Personal Area Network for personal devices in proximity."
What is Internet?,"A global network connecting millions of smaller networks."
What is Intranet?,"A private network used within an organization."
What is Extranet?,"A private network allowing controlled access to external users."
What is OSI Model?,"A 7-layer model for data communication standards."
Name the layers of the OSI model.,"Physical, Data Link, Network, Transport, Session, Presentation, Application."
What is the Physical layer?,"Deals with transmission of raw bits over physical media."
What is the Data Link layer?,"Handles error detection, MAC addressing, and frame formatting."
What is the Network layer?,"Handles routing and logical addressing (IP)."
What is the Transport layer?,"Responsible for end-to-end communication and error recovery (TCP/UDP)."
What is the Session layer?,"Manages communication sessions between devices."
What is the Presentation layer?,"Handles data formatting, encryption, and compression."
What is the Application layer?,"Provides network services to user applications like HTTP, FTP."
What is TCP?,"Transmission Control Protocol, reliable, connection-oriented communication."
What is UDP?,"User Datagram Protocol, fast, connectionless, unreliable communication."
Difference between TCP and UDP?,"TCP is reliable, ordered; UDP is faster but unreliable and unordered."
What is a port number?,"A logical address identifying specific processes or services."
What is HTTP?,"HyperText Transfer Protocol used for web communication."
What is HTTPS?,"HTTP with SSL/TLS encryption for secure web communication."
What is FTP?,"File Transfer Protocol for transferring files between devices."
What is SMTP?,"Simple Mail Transfer Protocol for sending emails."
What is IMAP?,"Internet Message Access Protocol for receiving emails."
What is POP3?,"Post Office Protocol for downloading emails from a server."
What is ARP?,"Address Resolution Protocol, maps IP addresses to MAC addresses."
What is RARP?,"Reverse ARP, maps MAC addresses to IP addresses."
What is ICMP?,"Internet Control Message Protocol, sends error and status messages (e.g., ping)."
What is Ping?,"A tool using ICMP to test network connectivity."
What is VPN?,"Virtual Private Network, provides secure communication over public networks."
What is firewall?,"A security device/software filtering network traffic based on rules."
What is proxy server?,"A server acting as an intermediary to filter or cache web requests."
What is bandwidth throttling?,"Intentional slowdown of network speed by ISPs or administrators."
What is QoS?,"Quality of Service, prioritizes network traffic for better performance."
What is subnetting?,"Dividing a network into smaller sub-networks for efficiency and security."
What is subnet mask?,"A number that determines the network and host portions of an IP address."
What is routing table?,"A database in a router storing network routes."
What is default gateway?,"A router that forwards packets outside the local network."
What is static routing?,"Manual route configuration by administrators."
What is dynamic routing?,"Routers automatically learn routes using routing protocols."
Give examples of dynamic routing protocols.,"RIP, OSPF, BGP, EIGRP."
What is RIP?,"Routing Information Protocol, uses hop count for routing decisions."
What is OSPF?,"Open Shortest Path First, uses link-state routing and shortest path algorithm."
What is BGP?,"Border Gateway Protocol, used for routing between ISPs over the Internet."
What is EIGRP?,"Enhanced Interior Gateway Routing Protocol by Cisco using hybrid routing."
What is collision domain?,"Area where packet collisions can occur in shared networks."
What is broadcast domain?,"Area where broadcast packets are forwarded though switches."
Difference between collision and broadcast domain?,"Collisions occur on shared media; broadcasts flood all devices in a domain."
What is CSMA/CD?,"Collision detection method used in Ethernet networks."
What is CSMA/CA?,"Collision avoidance method used in Wi-Fi networks."
What is Ethernet?,"A widely used wired networking technology for LAN."
What is Wi-Fi?,"Wireless networking technology for LAN using radio waves."
What is 802.11?,"IEEE standard for wireless LAN communication."
What is Bluetooth?,"Short-range wireless communication technology for PAN."
What is optical fiber?,"High-speed transmission medium using light signals."
What is coaxial cable?,"Cable used for broadband and older Ethernet connections."
What is packet switching?,"Data is broken into packets and transmitted independently."
What is circuit switching?,"Dedicated communication path established for the duration (telephone lines)."
Difference between packet and circuit switching?,"Packet switching is dynamic; circuit switching is fixed and dedicated."
What is jitter?,"Variation in delay of received packets."
What is packet loss?,"Packets failing to reach their destination."
What is multicast?,"Sending data to multiple selected recipients."
What is broadcast?,"Sending data to all devices on a network."
What is unicast?,"Sending data to a single device."
What is load balancing?,"Distributing traffic across servers to avoid overload."
What is DoS attack?,"Denial of Service attack that overloads networks to stop services."
What is DDoS attack?,"Distributed DoS using multiple machines to flood a target."
What is network topology?,"Physical or logical arrangement of network elements."
Examples of network topologies?,"Star, Bus, Ring, Mesh, Hybrid."
What is star topology?,"All devices connect to a central hub or switch."
What is mesh topology?,"Each device connects to every other for high redundancy."
What is bus topology?,"All nodes share a single communication backbone."
What is ring topology?,"Devices form a circular path where each node passes signals."
What is SDN?,"Software Defined Networking, separates control and data planes."
What is CDN?,"Content Delivery Network, distributes web content closer to users for speed."
What is MPLS?,"Multiprotocol Label Switching, speeds up network traffic using labels instead of IP lookups."
What is 5G?,"Fifth-generation wireless technology offering high speed and low latency."
What is latency critical application?,"Applications like gaming or video conferencing requiring low delay."
What is IoT?,"Internet of Things, connects physical devices like sensors to the Internet."

Question,Answer
What is a network interface card (NIC)?,"A hardware device that allows computers to connect to a network."
What is the purpose of ARP protocol?,"It maps an IP address to a MAC address."
What is a MAC address?,"A unique 48-bit physical address assigned to a network interface card."
What is DHCP?,"A protocol that automatically assigns IP addresses to devices."
What is the difference between static and dynamic IP?,"Static IP is manually assigned; dynamic IP is assigned automatically by DHCP."
What is TTL in networking?,"Time to Live; limits packet lifespan by counting down hops."
What is a subnet mask?,"A 32-bit number that divides an IP network into subnetworks."
What is NAT?,"Network Address Translation; converts private IP to public IP and vice-versa."
What is a default gateway?,"A router that forwards packets to external networks."
What is traceroute used for?,"To display the path and delay to a destination host."
What is ICMP?,"Internet Control Message Protocol used for diagnostic and error messages."
What is the purpose of QoS?,"Quality of Service prioritizes traffic to ensure performance."
What is bandwidth?,"The maximum data transfer rate of a network connection."
What is latency?,"The time taken for a packet to travel from source to destination."
What is jitter?,"Variation in delay over time during data transmission."
What is MTU?,"Maximum Transmission Unit; the largest packet size allowed on a network."
What is fragmentation?,"Breaking packets into smaller pieces when they exceed MTU size."
What is a VLAN?,"Virtual LAN that segments logical networks independent of physical location."
What is trunking in VLANs?,"Combining multiple VLANs over a single link using 802.1Q tagging."
What is 802.1Q?,"A protocol for VLAN tagging on Ethernet networks."
What is VPN?,"Virtual Private Network that creates secure network connections over public networks."
What is IPSec?,"A secure protocol suite used for authenticating and encrypting IP packets."
What is SSL/TLS used for?,"To encrypt data between web clients and servers."
What is a proxy server?,"An intermediary server that forwards client requests to other servers."
What is a firewall?,"A system that filters and controls incoming and outgoing network traffic."
What is IDS?,"Intrusion Detection System that monitors and detects malicious activities."
What is IPS?,"Intrusion Prevention System that blocks malicious traffic."
What is port forwarding?,"Redirecting communication requests from one address/port to another."
What is port mirroring?,"Sending a copy of network packets to a monitoring port for analysis."
What is a load balancer?,"A device that distributes network traffic across multiple servers."
What is duplex mode?,"Defines if communication is one-way (half) or two-way simultaneous (full)."
What is the difference between TCP and UDP headers?,"TCP headers are larger and include fields for reliability; UDP headers are minimal."
What is three-way handshake?,"TCP connection establishment using SYN, SYN-ACK, and ACK."
What is TCP window size?,"A flow control value that limits how much data can be sent before acknowledgment."
What is congestion control?,"Mechanisms to prevent overload of network resources."
What is slow start in TCP?,"TCP increases the window size gradually to avoid congestion."
What is a broadcast storm?,"Excessive broadcast traffic that overwhelms a network."
What is CSMA/CD?,"Carrier Sense Multiple Access with Collision Detection used in Ethernet."
What is collision domain?,"A network area where data collisions can occur."
What is broadcast domain?,"A network area where broadcast traffic is propagated."
What device reduces collision domain?,"Switch."
What device reduces broadcast domain?,"Router."
What is PoE?,"Power over Ethernet; provides power to devices like cameras over network cables."
What is a gateway?,"A device connecting different network technologies and protocols."
What is a router table?,"Stores routes for forwarding network packets."
What is routing protocol?,"Software rules to determine best path for routing traffic."
Name two distance-vector protocols.,"RIP, IGRP."
Name two link-state protocols.,"OSPF, IS-IS."
What is OSPF?,"Open Shortest Path First; a link-state routing protocol."
What is BGP?,"Border Gateway Protocol; used for routing between autonomous systems."
What is RIP?,"Routing Information Protocol; a distance-vector protocol using hop count."
What is STP?,"Spanning Tree Protocol prevents network loops in switching."
What is RSTP?,"Rapid Spanning Tree Protocol; faster version of STP."
What is a mesh topology?,"A network where every node connects to every other node."
What is hybrid topology?,"Combines two or more different topologies."
What is a wireless access point?,"A device that connects wireless devices to a wired network."
What is WPA3?,"Latest Wi-Fi security protocol providing stronger encryption."
What is SSID?,"Wi-Fi network name broadcast by an access point."
What is frequency band in Wi-Fi?,"Radio spectrum ranges used (e.g., 2.4GHz, 5GHz, 6GHz)."
What is channel in Wi-Fi?,"Sub-division of a band to avoid interference."
What is MIMO?,"Multiple Input Multiple Output; improves wireless speed using multiple antennas."
What is IPv6?,"128-bit addressing system replacing IPv4."
What is IPv6 link-local address?,"An address automatically assigned starting with FE80::."
What is SLAAC?,"Stateless Address Auto Configuration in IPv6."
What is multicast?,"Group communication to multiple specific receivers."
What is unicast?,"One-to-one communication."
What is broadcast?,"One-to-all communication (only IPv4)."
What is anycast?,"One-to-nearest communication using the same IP on multiple nodes."
What is Tunneling?,"Encapsulating one protocol inside another to traverse networks."
What is a MAN?,"Metropolitan Area Network covering a city."
What is PAN?,"Personal Area Network connecting personal devices (e.g., Bluetooth)."
What is SAN?,"Storage Area Network for high-speed storage connectivity."
What is iSCSI?,"A protocol for transporting SCSI commands over IP networks."
What is packet sniffing?,"Capturing network packets for monitoring or analysis."
What is Wireshark?,"A network packet analyzer tool."
What is Ethernet frame?,"A data packet at the data link layer containing MAC header, payload, and CRC."
What is CRC?,"Cyclic Redundancy Check; error-detection code."
What is ACK?,"Acknowledgment message confirming data receipt."
What is SYN flood attack?,"A DoS attack that overwhelms a system with fake TCP requests."
What is ping sweep?,"Technique to discover active hosts by sending multiple ICMP echo requests."
What is DNS poisoning?,"Tampering with DNS cache to redirect traffic to malicious sites."
What is DHCP starvation?,"A DoS attack where attacker floods requests to exhaust DHCP pool."
What is ARP spoofing?,"Fake ARP responses to intercept traffic."
What is SNMP?,"Simple Network Management Protocol for managing network devices."
What is TFTP?,"Trivial File Transfer Protocol; simple, insecure file transfer."
What is Telnet?,"Unencrypted remote login protocol."
What is SSH?,"Secure Shell; encrypted remote login."
What is FTP?,"File Transfer Protocol for transferring files."
What is SFTP?,"Secure File Transfer Protocol using SSH."
What is SIP?,"Session Initiation Protocol for VoIP communication."
What is VoIP?,"Voice over IP enables voice calls over the internet."
What is MPLS?,"Multiprotocol Label Switching for high-speed traffic forwarding using labels."
What is a hop in networking?,"Each time a packet is forwarded through a router."
What is checksum?,"Error-checking value calculated over packet data."
What is throughput?,"Actual successful data transfer rate over a network."
What is goodput?,"Useful delivered data excluding headers and retransmissions."
What is duplex mismatch?,"One device runs full duplex and the other half, causing collisions."
What is wi-fi roaming?,"Switching access points without disconnecting the session."
What is DHCP lease time?,"The duration an IP address remains assigned to a device."
What is network throttling?,"Intentional limitation of bandwidth by ISPs or admins."
What is dark fiber?,"Unused fiber-optic cables available for future expansion."

Question,Answer
What is a network switch?,"A device that forwards frames based on MAC addresses."
What is a hub?,"A basic device that broadcasts data to all connected devices."
Why is a switch better than a hub?,"Switch reduces collisions and forwards data only to the intended device."
What is a bridge?,"A device that connects two LAN segments and filters traffic based on MAC."
What is store-and-forward switching?,"Switch stores full frame before forwarding to check errors."
What is cut-through switching?,"Switch forwards frame immediately without full error checking."
What is latency in a switch?,"Time taken by a switch to process and forward data."
What is NIC teaming?,"Combining multiple network cards for redundancy or bandwidth."
What is link aggregation?,"Combining multiple physical links into one logical link for more bandwidth."
What is a router?,"A device that forwards packets based on IP addresses."
What is route summarization?,"Aggregating multiple network addresses into one summarized route."
What is default route?,"A route used when no specific match exists for a destination."
What is administrative distance?,"A value that determines trustworthiness of routing sources."
What is hop count?,"Number of intermediate routers a packet crosses to reach destination."
What is packet switching?,"Data is broken into packets that are routed independently."
What is circuit switching?,"A dedicated communication path is established before transfer."
What is message switching?,"Complete message is forwarded from node to node without breaking."
What is a loopback address?,"An address used to test local TCP/IP stack, e.g., 127.0.0.1."
What is broadcast address?,"Address used to send data to all hosts in a network."
What is IPv6 loopback address?,"::1."
What is MAC filtering?,"Allowing or denying network access based on MAC addresses."
What is captive portal?,"A web page used to authenticate users on public networks."
What is DHCP relay?,"A router forwarding DHCP requests between networks."
What is DHCP scope?,"Range of IP addresses that DHCP server can assign."
What is link-local address?,"Self-assigned IP address used when no DHCP server is found."
What is EUI-64?,"Method to generate IPv6 address using MAC address."
What is ping?,"Tool using ICMP echo messages to test reachability."
What is ARP cache?,"Table storing IP-to-MAC mappings."
What is ARP broadcast?,"A request to all hosts to discover a MAC address for a given IP."
What is proxy ARP?,"Router responds to ARP on behalf of another device."
What is ICMP Echo Reply?,"Response to a ping request."
What is packet loss?,"Packets failing to reach their destination."
What is routing loop?,"Packet continually routed through routers without reaching destination."
What is split horizon?,"Prevents a router from advertising a route back on the same interface."
What is poison reverse?,"Route advertised with infinite metric to avoid loops."
What is NDP in IPv6?,"Neighbor Discovery Protocol replaces ARP in IPv6."
What is RA message?,"Router Advertisement message used in IPv6 auto configuration."
What is RS message?,"Router Solicitation message sent by hosts to discover routers."
What is Path MTU Discovery?,"Detects maximum packet size possible without fragmentation."
What is multicast address range in IPv4?,"224.0.0.0 to 239.255.255.255."
What is IGMP?,"Internet Group Management Protocol to manage IPv4 multicast groups."
What is PIM?,"Protocol Independent Multicast used for routing multicast traffic."
What is HSRP?,"Hot Standby Router Protocol providing router redundancy."
What is VRRP?,"Virtual Router Redundancy Protocol similar to HSRP but open standard."
What is GLBP?,"Gateway Load Balancing Protocol balancing traffic between routers."
What is port security?,"Switch feature to restrict MAC addresses on a port."
What is sticky MAC?,"Switch learns and stores MAC addresses automatically on a port."
What is flooding?,"Forwarding frames to all ports when MAC is unknown."
What is MAC aging?,"The time MAC address stays in switch table before removal."
What is LLDP?,"Link Layer Discovery Protocol for device discovery on network."
What is CDP?,"Cisco Discovery Protocol for Cisco devices."
What is BPDU?,"Bridge Protocol Data Unit used in STP to prevent loops."
What is root bridge?,"Central switch chosen by STP algorithm."
What is OSPF area?,"Logical grouping of routers to optimize routing."
What is OSPF backbone?,"Area 0 supporting all inter-area communication."
What is OSPF cost?,"Metric based on bandwidth."
What is BGP ASN?,"Autonomous System Number uniquely identifying a network."
What is private ASN range?,"64512 to 65534."
What is multicast snooping?,"Switch feature to optimize multicast forwarding."
What is wireless encryption?,"Techniques to secure Wi-Fi such as WPA2, WPA3."
What is hidden SSID?,"SSID not broadcast publicly by access point."
What is Wi-Fi 6?,"802.11ax standard providing higher speed and efficiency."
What is OFDMA?,"Technique in Wi-Fi 6 allowing simultaneous multi-user transmission."
What is beamforming?,"Technique to focus wireless signals towards specific clients."
What is channel bonding?,"Combining channels to increase wireless bandwidth."
What is Bluetooth?,"Short-range wireless communication using 2.4GHz frequency."
What is ZigBee?,"Low-power wireless protocol used in IoT devices."
What is Z-Wave?,"Low-energy wireless protocol for home automation."
What is packet encapsulation?,"Wrapping data with headers at each OSI layer."
What is decapsulation?,"Removing headers as data moves up OSI layers."
What is network congestion?,"High load causing delays and packet drops."
What is backpressure?,"Congestion control forcing sender to slow data transmission."
What is token bucket?,"Traffic shaping allowing bursts of data based on tokens."
What is leaky bucket?,"Traffic shaping that enforces constant data transmission rate."
What is MPLS label?,"Short identifier used for fast packet forwarding."
What is MPLS LSP?,"Label Switched Path used for routing MPLS traffic."
What is NTP?,"Network Time Protocol to synchronize clocks."
What is syslog?,"Protocol for logging network device events."
What is DNS SRV record?,"Specifies service location in DNS."
What is DNS AAAA record?,"Maps hostname to IPv6 address."
What is DHCP option 43?,"Used to provide vendor-specific network information."
What is duplex?,"Mode of transmission, full or half."
What causes duplex mismatch?,"Different duplex settings causing collisions and poor performance."
What is bandwidth throttling?,"Intentional reduction of network speed."
What is port scanning?,"Probing network ports to discover open services."
What is sniffing?,"Capturing network traffic for analysis."
What is rogue access point?,"Unauthorized Wi-Fi access point."
What is client isolation?,"Prevents wireless clients from communicating directly."
What is DNS cache?,"Stored DNS responses for faster resolution."
What is reverse DNS lookup?,"Resolving IP address back to domain name."
What is Tunneling protocol?,"Protocol encapsulating one protocol inside another."
What is L2TP?,"Layer 2 Tunneling Protocol for VPNs."
What is GRE tunneling?,"Encapsulates packets without encryption."
What is DHCP decline?,"Message rejecting an IP because it's already in use."
What is cloud networking?,"Virtualized networking delivered via cloud resources."
What is SD-WAN?,"Software-defined WAN optimizing branch connectivity."
What is SDN?,"Software Defined Networking enabling centralized control via controllers."
What is OpenFlow?,"Protocol enabling SDN controllers to manage switches."
What is VxLAN?,"Network virtualization protocol extending LAN over large areas."

Question,Answer
What is a data structure?,"A method of organizing and storing data efficiently."
What are linear data structures?,"Structures where elements are arranged sequentially such as arrays, stacks, queues, linked lists."
What are non-linear data structures?,"Structures where data elements are not arranged sequentially such as trees and graphs."
What is an array?,"A collection of elements stored in contiguous memory locations."
What is a dynamic array?,"An array that can grow or shrink in size during runtime."
What is a linked list?,"A sequence of nodes where each node contains data and a pointer to the next node."
What are the types of linked lists?,"Singly, Doubly, Circular, and Circular Doubly linked lists."
What is a stack?,"A LIFO (Last In First Out) data structure."
What is a queue?,"A FIFO (First In First Out) data structure."
What is a circular queue?,"A queue where the last element connects to the first to form a circle."
What is a deque?,"A Double-Ended Queue allowing insertion and deletion from both ends."
What is a priority queue?,"A queue where elements are removed based on priority."
What is a binary tree?,"A tree where each node has at most two children."
What is a binary search tree (BST)?,"A binary tree where left child < root < right child."
What is tree traversal?,"Visiting all nodes of a tree systematically."
What are the depth-first traversals?,"Inorder, Preorder, Postorder."
What is inorder traversal?,"Left → Root → Right."
What is preorder traversal?,"Root → Left → Right."
What is postorder traversal?,"Left → Right → Root."
What is level-order traversal?,"Breadth-first traversal using a queue."
What is a full binary tree?,"A tree where every node has 0 or 2 children."
What is a complete binary tree?,"A tree where all levels are filled except possibly the last."
What is a perfect binary tree?,"A binary tree with all internal nodes having two children and all leaves at the same level."
What is a balanced tree?,"A tree where height differs by at most one between left and right subtrees."
What is a skewed tree?,"A tree where every node has only one child."
What is a heap?,"A complete binary tree used for priority queues."
What is a max heap?,"A heap where parent value is greater than or equal to children."
What is a min heap?,"A heap where parent value is less than or equal to children."
What is heapify?,"Process of building a heap from an unordered array."
What is hashing?,"Converting keys into array index using a hash function."
What is a hash collision?,"Two keys generating the same hash value."
What are collision resolution techniques?,"Chaining and Open Addressing."
What is chaining?,"Storing multiple keys using linked lists for the same hash index."
What is open addressing?,"Finding another empty location in hash table for collisions."
What is linear probing?,"Collision handling by checking the next available index."
What is quadratic probing?,"Collision handling using quadratic jumps to find new index."
What is double hashing?,"Collision handling using a second hash function."
What is complexity of binary search?,"O(log n) in best and average cases."
What is complexity of searching in a hash table?,"O(1) average time."
What is time complexity of quicksort?,"Best/Average O(n log n), Worst O(n²)."
What is worst case of merge sort?,"O(n log n)."
What is time complexity of bubble sort?,"O(n²)."
What is space complexity?,"Memory required by an algorithm to run."
What is Big-O notation?,"Defines worst-case runtime performance."
What is Big-Ω notation?,"Defines best-case performance."
What is Big-Θ notation?,"Defines average-case performance."
What is a graph?,"A collection of vertices connected by edges."
What is a directed graph?,"A graph where edges have direction."
What is an undirected graph?,"A graph where edges do not have direction."
What is weighted graph?,"A graph where edges have weights assigned."
What is adjacency matrix?,"2D matrix used to store graph edge connections."
What is adjacency list?,"Graph representation using lists for each node."
What is BFS?,"Breadth-First Search using queue."
What is DFS?,"Depth-First Search using stack/recursion."
What is a spanning tree?,"A subgraph connecting all vertices without cycle."
What is a minimum spanning tree?,"A spanning tree with minimum total edge weight."
Name two MST algorithms.,"Prim’s algorithm and Kruskal’s algorithm."
What is Prim’s algorithm?,"Greedy algorithm to find MST using priority queue."
What is Kruskal’s algorithm?,"Greedy MST algorithm using edge sorting and union-find."
What is Dijkstra’s algorithm?,"Algorithm to find shortest path from source to all nodes."
What is Floyd–Warshall algorithm?,"All pairs shortest path algorithm."
What is topological sorting?,"Ordering of directed graph nodes with dependencies."
What is recursion?,"Function calling itself to solve smaller subproblems."
What is dynamic programming?,"Optimizing recursion using memoization or tabulation."
What is memoization?,"Storing results of computed subproblems."
What is tabulation?,"Solving subproblems iteratively bottom-up."
What is backtracking?,"Trying all possibilities and undoing decisions when invalid."
What are tries?,"Tree-like data structure used for fast prefix searching."
What is an AVL tree?,"Self-balancing BST with height difference <= 1."
What is red–black tree?,"Self-balancing BST using coloring rules."
What is B-Tree?,"Balanced search tree used in databases and file systems."
What is B+ Tree?,"Tree where all data is stored in leaf nodes for faster indexing."
What is a segment tree?,"Tree used for range queries and updates."
What is a Fenwick tree?,"Binary Indexed Tree used for prefix sums."
What is LRU cache?,"Least Recently Used cache replacement policy."
What is a circular linked list?,"Linked list whose last node points to the first node."
What is a doubly linked list?,"Linked list with next and previous pointers."
What is sentinel node?,"Dummy node used as boundary in linked list."
What is overflow in stack?,"Trying to push when stack is full."
What is underflow in stack?,"Trying to pop when stack is empty."
What is infix expression?,"Operator between operands (A + B)."
What is postfix expression?,"Operator after operands (A B +)."
What is prefix expression?,"Operator before operands (+ A B)."
Which data structure is used for recursion implementation?,"Stack."
Which data structure is used for BFS?,"Queue."
Which data structure is used for DFS?,"Stack/Recursion."
Which data structure is used for expression evaluation?,"Stack."
What is the best data structure for priority handling?,"Heap."
What data structure does HashMap use internally?,"Array + Linked List/Tree (for collision)."
Why linked list better than array?,"Dynamic size and efficient insert/delete."
Why array better than linked list?,"Fast index access in O(1)."
Can queue be implemented with stack?,"Yes, using two stacks."
Can stack be implemented using queues?,"Yes, using two queues."
What is amortized analysis?,"Average time per operation over a sequence of operations."
What is tail recursion?,"Recursion where function call is the last statement."
What is a multimap?,"Map allowing duplicate keys."
What is min-max heap?,"Heap supporting both min and max retrieval."
What is graph cycle detection?,"Checking if graph contains loops using DFS."

Question,Answer
What is a data structure?,"A method of organizing and storing data efficiently."
What are linear data structures?,"Structures where elements are arranged sequentially such as arrays, stacks, queues, linked lists."
What are non-linear data structures?,"Structures where data elements are not arranged sequentially such as trees and graphs."
What is an array?,"A collection of elements stored in contiguous memory locations."
What is a dynamic array?,"An array that can grow or shrink in size during runtime."
What is a linked list?,"A sequence of nodes where each node contains data and a pointer to the next node."
What are the types of linked lists?,"Singly, Doubly, Circular, and Circular Doubly linked lists."
What is a stack?,"A LIFO (Last In First Out) data structure."
What is a queue?,"A FIFO (First In First Out) data structure."
What is a circular queue?,"A queue where the last element connects to the first to form a circle."
What is a deque?,"A Double-Ended Queue allowing insertion and deletion from both ends."
What is a priority queue?,"A queue where elements are removed based on priority."
What is a binary tree?,"A tree where each node has at most two children."
What is a binary search tree (BST)?,"A binary tree where left child < root < right child."
What is tree traversal?,"Visiting all nodes of a tree systematically."
What are the depth-first traversals?,"Inorder, Preorder, Postorder."
What is inorder traversal?,"Left → Root → Right."
What is preorder traversal?,"Root → Left → Right."
What is postorder traversal?,"Left → Right → Root."
What is level-order traversal?,"Breadth-first traversal using a queue."
What is a full binary tree?,"A tree where every node has 0 or 2 children."
What is a complete binary tree?,"A tree where all levels are filled except possibly the last."
What is a perfect binary tree?,"A binary tree with all internal nodes having two children and all leaves at the same level."
What is a balanced tree?,"A tree where height differs by at most one between left and right subtrees."
What is a skewed tree?,"A tree where every node has only one child."
What is a heap?,"A complete binary tree used for priority queues."
What is a max heap?,"A heap where parent value is greater than or equal to children."
What is a min heap?,"A heap where parent value is less than or equal to children."
What is heapify?,"Process of building a heap from an unordered array."
What is hashing?,"Converting keys into array index using a hash function."
What is a hash collision?,"Two keys generating the same hash value."
What are collision resolution techniques?,"Chaining and Open Addressing."
What is chaining?,"Storing multiple keys using linked lists for the same hash index."
What is open addressing?,"Finding another empty location in hash table for collisions."
What is linear probing?,"Collision handling by checking the next available index."
What is quadratic probing?,"Collision handling using quadratic jumps to find new index."
What is double hashing?,"Collision handling using a second hash function."
What is complexity of binary search?,"O(log n) in best and average cases."
What is complexity of searching in a hash table?,"O(1) average time."
What is time complexity of quicksort?,"Best/Average O(n log n), Worst O(n²)."
What is worst case of merge sort?,"O(n log n)."
What is time complexity of bubble sort?,"O(n²)."
What is space complexity?,"Memory required by an algorithm to run."
What is Big-O notation?,"Defines worst-case runtime performance."
What is Big-Ω notation?,"Defines best-case performance."
What is Big-Θ notation?,"Defines average-case performance."
What is a graph?,"A collection of vertices connected by edges."
What is a directed graph?,"A graph where edges have direction."
What is an undirected graph?,"A graph where edges do not have direction."
What is weighted graph?,"A graph where edges have weights assigned."
What is adjacency matrix?,"2D matrix used to store graph edge connections."
What is adjacency list?,"Graph representation using lists for each node."
What is BFS?,"Breadth-First Search using queue."
What is DFS?,"Depth-First Search using stack/recursion."
What is a spanning tree?,"A subgraph connecting all vertices without cycle."
What is a minimum spanning tree?,"A spanning tree with minimum total edge weight."
Name two MST algorithms.,"Prim’s algorithm and Kruskal’s algorithm."
What is Prim’s algorithm?,"Greedy algorithm to find MST using priority queue."
What is Kruskal’s algorithm?,"Greedy MST algorithm using edge sorting and union-find."
What is Dijkstra’s algorithm?,"Algorithm to find shortest path from source to all nodes."
What is Floyd–Warshall algorithm?,"All pairs shortest path algorithm."
What is topological sorting?,"Ordering of directed graph nodes with dependencies."
What is recursion?,"Function calling itself to solve smaller subproblems."
What is dynamic programming?,"Optimizing recursion using memoization or tabulation."
What is memoization?,"Storing results of computed subproblems."
What is tabulation?,"Solving subproblems iteratively bottom-up."
What is backtracking?,"Trying all possibilities and undoing decisions when invalid."
What are tries?,"Tree-like data structure used for fast prefix searching."
What is an AVL tree?,"Self-balancing BST with height difference <= 1."
What is red–black tree?,"Self-balancing BST using coloring rules."
What is B-Tree?,"Balanced search tree used in databases and file systems."
What is B+ Tree?,"Tree where all data is stored in leaf nodes for faster indexing."
What is a segment tree?,"Tree used for range queries and updates."
What is a Fenwick tree?,"Binary Indexed Tree used for prefix sums."
What is LRU cache?,"Least Recently Used cache replacement policy."
What is a circular linked list?,"Linked list whose last node points to the first node."
What is a doubly linked list?,"Linked list with next and previous pointers."
What is sentinel node?,"Dummy node used as boundary in linked list."
What is overflow in stack?,"Trying to push when stack is full."
What is underflow in stack?,"Trying to pop when stack is empty."
What is infix expression?,"Operator between operands (A + B)."
What is postfix expression?,"Operator after operands (A B +)."
What is prefix expression?,"Operator before operands (+ A B)."
Which data structure is used for recursion implementation?,"Stack."
Which data structure is used for BFS?,"Queue."
Which data structure is used for DFS?,"Stack/Recursion."
Which data structure is used for expression evaluation?,"Stack."
What is the best data structure for priority handling?,"Heap."
What data structure does HashMap use internally?,"Array + Linked List/Tree (for collision)."
Why linked list better than array?,"Dynamic size and efficient insert/delete."
Why array better than linked list?,"Fast index access in O(1)."
Can queue be implemented with stack?,"Yes, using two stacks."
Can stack be implemented using queues?,"Yes, using two queues."
What is amortized analysis?,"Average time per operation over a sequence of operations."
What is tail recursion?,"Recursion where function call is the last statement."
What is a multimap?,"Map allowing duplicate keys."
What is min-max heap?,"Heap supporting both min and max retrieval."
What is graph cycle detection?,"Checking if graph contains loops using DFS."

Question,Answer
What is a doubly linked list?,"A linked list where each node contains links to both the next and previous nodes."
What is a circular linked list?,"A linked list where the last node points back to the first node."
Difference between singly and doubly linked list?,"Singly has one pointer to next node; doubly has pointers to next and previous."
What is a skip list?,"A data structure allowing faster search using multiple levels of linked lists."
Why use a linked list over arrays?,"Dynamic size and efficient insert/delete operations."
What is a sentinel node?,"A dummy node used to simplify list implementation."
What is a self-adjusting list?,"A list that moves frequently accessed elements towards the front."
What is a sparse matrix?,"A matrix with most elements as zero."
How to store a sparse matrix efficiently?,"Using linked lists or compressing only non-zero values."
What is a heap?,"A complete binary tree used for priority operations."
Difference between max heap and min heap?,"Max heap has parent >= children; min heap has parent <= children."
What is heapify?,"Process of converting an unordered array into a heap."
Applications of heap?,"Scheduling, priority queues, Dijkstra algorithm."
What is a binomial heap?,"A heap made of binomial trees supporting fast union operations."
What is a Fibonacci heap?,"A heap supporting very fast decrease-key operations."
What is a B-tree?,"A multi-level balanced search tree used in databases and file systems."
What is a B+ tree?,"A B-tree variant where all values are stored in leaf nodes."
Difference between B-tree and B+ tree?,"B+ trees store data only at leaves; internal nodes only have keys."
What is a trie?,"A tree for storing strings character by character."
Applications of trie?,"Autocomplete, spell checking, IP routing."
What is a red-black tree?,"A self-balancing BST where nodes are colored red or black."
Why use red-black tree?,"Better balance with guaranteed O(log n) operations."
What is an AVL tree?,"A self-balancing BST maintaining height difference ≤ 1."
Difference between AVL and red-black tree?,"AVL provides tighter balance; red-black is faster for insert/delete."
What is a splay tree?,"A self-adjusting tree that moves accessed nodes to the root."
What is a segment tree?,"A tree used for range queries and updates."
Applications of segment tree?,"Range sum queries, min/max range queries."
What is a Fenwick tree/BIT?,"Binary Indexed Tree used for prefix sum calculation."
Difference between segment tree and BIT?,"Segment tree is more flexible; BIT takes less memory."
What is hashing?,"Technique of mapping data to a fixed-size value called hash."
What is a collision in hashing?,"When two keys produce same hash value."
What is chaining in hashing?,"Technique using linked lists for collisions."
What is open addressing?,"Collision resolution by probing within array."
What is linear probing?,"Finding next empty slot sequentially."
What is quadratic probing?,"Finding next slot using quadratic intervals."
What is double hashing?,"Using two hash functions to reduce collisions."
What is load factor in hash table?,"Ratio of stored elements to total capacity."
What is cuckoo hashing?,"Collision resolution by relocating items using two hash tables."
What is rehashing?,"Expanding hash table when load factor is high."
What is graph?,"A collection of nodes connected by edges."
Difference between directed and undirected graph?,"Directed edges have direction; undirected do not."
What is weighted graph?,"Edges have weights/costs."
What is adjacency matrix?,"2D array representation of graphs."
What is adjacency list?,"Graph representation using lists of neighbors."
Difference between adjacency list and matrix?,"List saves space; matrix faster for edge checks."
What is an MST?,"Minimum Spanning Tree connecting all nodes with minimum weight."
Which algorithms find MST?,"Kruskal and Prim."
What is topological sort?,"Linear ordering of vertices in a DAG."
What is DAG?,"Directed Acyclic Graph."
What is shortest path problem?,"Finding minimum cost path between nodes."
Algorithms for shortest path?,"Dijkstra, Bellman–Ford, Floyd–Warshall."
What is union-find?,"Data structure for disjoint set operations."
Applications of union-find?,"Kruskal algorithm, network connectivity."
What is recursion tree?,"Tree visualization of recursive calls."
What is tail recursion?,"Recursion where the last operation is recursive call."
What is memoization?,"Caching results of expensive function calls."
Difference between DP and recursion?,"DP stores results; recursion recomputes results."
What is greedy algorithm?,"Makes locally optimal choice at each step."
What is amortized analysis?,"Average cost per operation over worst-case sequences."
What is space complexity?,"Memory required by an algorithm."
Difference between time and space complexity?,"Time measures execution speed; space measures memory usage."
What is in-place algorithm?,"Uses constant amount of extra memory."
What is stable sorting?,"Maintains order of equal elements."
Which sorts are stable?,"Merge, bubble, insertion; quicksort is not (by default)."
What is counting sort?,"Sorts by counting occurrences of elements."
What is radix sort?,"Sorts numbers digit by digit using stable sort."
What is bucket sort?,"Distributes elements into buckets and sorts individually."
What is external sorting?,"Sorting data too large to fit in memory."
Difference between stack and queue?,"Stack is LIFO; queue is FIFO."
What is deque?,"Double-ended queue allowing insert/delete at both ends."
What is priority queue?,"A queue retrieving highest/lowest priority element first."
Difference between stack and linked list?,"Stack is ADT; linked list is implementation."
What is rope data structure?,"A string storage structure optimized for editing large texts."
What is treap?,"A BST with heap property based on priorities."
What is k-d tree?,"Space-partitioning tree for multidimensional data."
Applications of k-d tree?,"Nearest neighbor search, range search."
What is bloom filter?,"Probabilistic structure to test membership with possible false positives."
Use case of bloom filter?,"Web caching, database indexing."
What is LRU cache?,"Cache removing Least Recently Used item."
Which data structures implement LRU?,"Hash map + doubly linked list."
What is an iterator?,"Object used to traverse a data structure."
What is a circular queue?,"Queue where last position loops to the first."
What is rope concatenation?,"Joining two ropes efficiently without copying entire strings."
What is adjacency multilist?,"Graph structure combining node and edge lists."
What is an Euler path?,"Path visiting each edge exactly once."
What is Hamiltonian path?,"Path visiting each vertex exactly once."
What is bridging edge?,"Removing it increases number of graph components."
What is articulation point?,"Vertex whose removal increases components."
What is trie time complexity?,"Insert/search takes O(m) where m is string length."
What is graph coloring?,"Assigning colors so that no adjacent nodes share same color."
Use of graph coloring?,"Register allocation, scheduling."
What is bipartite graph?,"Graph whose vertices can be divided into two independent sets."
Test for bipartite graph?,"Graph with no odd-length cycle."
What is a pancake sorting?,"Sorting using only prefix reversals."
What is suffix tree?,"Compressed trie for suffixes of a string."
What is suffix array?,"Sorted array of all suffixes of a string."
Difference between suffix tree and array?,"Tree takes more space; array more compact."
What is KMP algorithm?,"Pattern matching using prefix table."
What is Rabin–Karp?,"Pattern matching using hashing."
Difference between KMP and Rabin–Karp?,"KMP uses prefix table; Rabin–Karp uses hashing."

Question,Answer
What is a multigraph?,"A graph that allows multiple edges between the same pair of nodes."
What is a complete graph?,"A graph where every node is connected to every other node."
What is a simple graph?,"A graph without multiple edges or loops."
What is an isolated vertex?,"A vertex with no incident edges."
What is an edge list representation?,"Representation storing all edges as pairs of vertices."
What is a self-loop?,"An edge that connects a vertex to itself."
What is a weighted tree?,"A tree where edges have weights or costs."
What is degeneracy in a graph?,"Minimum number k where every subgraph has a vertex of degree ≤ k."
What is an ordered tree?,"A tree where the order of children matters."
What is a forest?,"A collection of disjoint trees."
What is a complete binary tree?,"A binary tree where all levels are filled except possibly last, filled left to right."
What is a full binary tree?,"A binary tree where every node has 0 or 2 children."
What is perfect binary tree?,"A binary tree where all leaves are at the same depth."
What is height-balanced tree?,"A tree where height difference between subtrees is minimal."
What is static data structure?,"A data structure with fixed memory size during runtime."
What is dynamic data structure?,"A data structure that grows or shrinks at runtime."
What is a threaded binary tree?,"A tree using null pointers to hold references for faster traversal."
What is the diameter of a tree?,"Longest path between any two nodes."
What is tree depth?,"Distance from root to deepest node."
What is queue overflow?,"When queue is full and cannot accept more elements."
What is queue underflow?,"Trying to remove an element from an empty queue."
What is recursion base case?,"Condition that stops further recursive calls."
What is pointer?,"A variable that stores a memory address."
What is dangling pointer?,"A pointer referring to freed memory."
What is null pointer?,"A pointer that holds no valid address."
What is sentinel search?,"Search technique using a special element at end to avoid boundary check."
What is copy-on-write?,"Technique delaying copying until modification is needed."
What is stack overflow?,"When stack memory exceeds limit due to deep recursion."
What is hash function?,"Function that maps keys to integers for indexing."
What is perfect hash function?,"Hash function with no collisions for a specific dataset."
What is monotonic stack?,"A stack maintaining elements in sorted increasing or decreasing order."
Use of monotonic stack?,"Finding next greater/smaller element."
What is monotonic queue?,"Queue maintaining ordered elements for sliding window operations."
What is adjacency incidence matrix?,"Matrix showing relationships between edges and vertices."
What is zero-one BFS?,"BFS variant optimized for weights 0 or 1 using deque."
What is cost matrix?,"Matrix storing weights of all edges."
What is transitive closure?,"Matrix showing reachability between vertices."
What is Floyd-Warshall algorithm?,"Dynamic programming algorithm for shortest paths in weighted graphs."
What is weighted adjacency list?,"Stores neighbors and their weights."
What is union by rank?,"Union-find optimization using tree height."
What is path compression?,"Optimization flattening union-find trees."
What is a pseudocode?,"A high-level description of an algorithm."
What is time-space tradeoff?,"Reducing time by using more memory or vice versa."
What is hash clustering?,"Continuous collisions forming groups around a position."
What is separate chaining?,"Collision management using linked lists at each index."
What is lazy deletion?,"Marking elements deleted instead of removing them physically."
What is stack frame?,"Memory used for function call parameters and locals."
What is memory leak?,"Unused allocated memory that cannot be reclaimed."
What is priority inversion?,"Lower-priority tasks blocking higher-priority tasks due to shared resources."
What is bucket overflow?,"Bucket exceeds capacity in hashing."
What is radix tree?,"Compressed trie reducing memory usage."
What is Patricia trie?,"Trie variant compressing chains of single children."
What is k-ary tree?,"Tree where each node can have up to k children."
What is ternary search tree?,"Trie storing characters with 3-way branching."
What is interpolation search?,"Binary search variant predicting position using key value."
What is exponential search?,"Search for unbounded arrays by growing range exponentially."
Difference between DFS tree and BFS tree?,"DFS uses depth-first expansion; BFS uses level-wise expansion."
What is graph cut?,"Partition splitting graph into two disjoint subsets."
What is data compression?,"Reducing size using encoding techniques."
Which data structure is used in Huffman coding?,"Binary tree storing frequency-based codes."
What is LIFO property?,"Last element inserted is first removed (stack)."
What is FIFO property?,"First inserted element is first removed (queue)."
What is multilevel queue?,"Queue with multiple categories processed at different priorities."
What is pancake number?,"Minimum flips required for sorting via prefix reversals."
What is van Emde Boas tree?,"Tree offering O(log log n) search time."
What is gap buffer?,"Array-based structure used in text editors for fast insertion."
Difference between graph and hypergraph?,"Hypergraph allows edges connecting more than two nodes."
What is rope split operation?,"Divide rope at a position efficiently without full copy."
What is cuckoo graph?,"Graph used for visualizing cuckoo hashing relocations."
What is approximate membership query?,"Query that may return false positives (e.g., Bloom filter)."
What is mutable data structure?,"Allows modification after creation."
What is immutable data structure?,"Cannot be changed once created."
What is ephemeral data structure?,"Supports only immediate updates, no history."
What is persistent data structure?,"Retains previous versions even after updates."
What is functional data structure?,"Immutable structures used in functional programming."
What is cache locality?,"Speedup achieved when accessing nearby memory locations."
Difference between temporal and spatial locality?,"Temporal: repeated access; Spatial: access to nearby memory."
What is skip graph?,"Graph supporting fast search using skip-list-like layers."
What is graph sparsification?,"Reducing edges while maintaining approximation of structure."
What is locality-sensitive hashing?,"Hashing technique grouping similar items together."
What is disjoint-set forest?,"Union-find represented as multiple trees."
What is minimal perfect hash?,"Perfect hash using smallest possible storage."
What is recursive backtracking?,"Solving by exploring all possible options and undoing failures."
What is order statistic tree?,"Tree supporting selection of k-th smallest element."
What is quickselect algorithm?,"Algorithm to find k-th smallest element using partitioning."
What is rotating array?,"Shifting elements cyclically by k positions."
What is sliding window technique?,"Technique for processing subarrays efficiently via pointers."
What is two-pointer technique?,"Optimizes array/linked list problems using dual pointers."
What is heap-order property?,"Parent node must obey heap inequality with children."
What is memory fragmentation?,"Divided free memory blocks preventing full utilization."
What is buddy memory allocation?,"Memory management splitting blocks into buddy pairs."
What is array decay?,"Array passed as pointer losing size metadata."
What is symbol table?,"Structure storing identifiers and attributes in compilers."
Which structures implement symbol table?,"Hash tables, tries, or balanced trees."
What is perfect matching in graphs?,"Matching covering all vertices exactly once."
What is dynamic connectivity?,"Tracking connectivity in dynamic graphs with edge updates."
What is sparse table?,"Data structure enabling static range queries efficiently."
Applications of sparse table?,"Range minimum queries, LCA, range maximum queries."
What is lowest common ancestor (LCA)?,"Lowest node that is ancestor of two nodes in a tree."
Which structures compute LCA fast?,"Binary lifting, Euler tour + RMQ."

Question,Answer
What is a deque?,"Double-ended queue allowing insertion and deletion at both ends."
Difference between deque and queue?,"Queue allows insert at rear and delete at front; deque allows operations at both ends."
What is a circular deque?,"Deque where ends wrap around forming a circle."
What is a circular buffer?,"Fixed-size buffer that wraps around when full."
What is a double-ended priority queue?,"Supports deletion of both min and max elements efficiently."
What is a monotone stack?,"Stack maintaining elements in increasing or decreasing order."
Applications of monotone stack?,"Next greater/smaller element, sliding window problems."
What is a monotone queue?,"Queue maintaining elements in monotonic order."
Applications of monotone queue?,"Sliding window maximum/minimum, range queries."
What is a hash trie?,"Trie combined with hash table for efficient string indexing."
What is a radix trie?,"Compressed trie optimizing storage by merging single-child nodes."
What is a ternary search tree?,"Trie variant with 3-way branching for character comparison."
What is a K-d tree?,"Space-partitioning tree for multidimensional points."
Applications of K-d tree?,"Nearest neighbor search, range search."
What is an interval tree?,"Tree storing intervals for fast overlap queries."
Applications of interval tree?,"Calendar scheduling, range searching, genome analysis."
What is an order-statistic tree?,"BST augmented to find k-th smallest/largest elements."
Applications of order-statistic tree?,"Rank queries, median maintenance."
What is a treap?,"BST where nodes have priority values maintaining heap property."
Applications of treap?,"Randomized BST, fast search/insert/delete."
What is a rope?,"Tree-based string data structure optimized for concatenation and split."
Applications of rope?,"Text editors, large string manipulation."
What is a skip list?,"Layered linked list enabling O(log n) search time."
Difference between skip list and BST?,"Skip list uses probabilistic layers; BST is deterministic tree."
What is a bloom filter?,"Probabilistic data structure for membership testing with false positives."
Applications of bloom filter?,"Caching, database indexing, spell checking."
What is a counting bloom filter?,"Bloom filter variant allowing deletion."
What is a cuckoo hash?,"Hash table using two hash functions and relocating elements to resolve collisions."
Applications of cuckoo hash?,"High-performance dictionaries and hash tables."
What is a quotient filter?,"Compact probabilistic filter alternative to bloom filter."
What is a van Emde Boas tree?,"Tree supporting O(log log n) operations for integers."
Applications of van Emde Boas tree?,"Dynamic predecessor/successor queries."
What is a Fibonacci heap?,"Heap supporting amortized O(1) insert and decrease-key operations."
Applications of Fibonacci heap?,"Dijkstra’s algorithm, network optimization."
What is a pairing heap?,"Simple heap with good practical performance for decrease-key."
What is a binomial heap?,"Heap composed of binomial trees supporting fast union operations."
What is a skew heap?,"Heap supporting fast merge operations."
What is a leftist heap?,"Heap optimized for merging with shortest path maintained."
What is a dynamic array?,"Array that resizes automatically during runtime."
What is amortized analysis?,"Average cost per operation over a sequence of operations."
What is a circular linked list?,"Linked list where last node points to the first."
What is a doubly linked list?,"Linked list with pointers to both next and previous nodes."
What is a threaded binary tree?,"Binary tree using null pointers to speed up traversal."
Applications of threaded tree?,"Inorder traversal without recursion or stack."
What is a B-tree?,"Balanced multiway search tree used in databases."
Difference between B-tree and B+ tree?,"B+ tree stores all data in leaves; B-tree stores in all nodes."
What is a B* tree?,"B-tree variant with better space utilization."
What is a 2-3 tree?,"Balanced search tree where each node has 2 or 3 children."
What is a 2-3-4 tree?,"Balanced tree where each node has 2,3, or 4 children."
What is a red-black tree?,"BST with nodes colored red/black to maintain balance."
What is an AVL tree?,"Self-balancing BST where height difference ≤1."
What is a splay tree?,"Self-adjusting BST that moves accessed nodes to root."
Applications of splay tree?,"Cache, network routers, memory management."
What is a Cartesian tree?,"Heap-ordered BST constructed from sequence of numbers."
Applications of Cartesian tree?,"Range queries, RMQ (Range Minimum Query)."
What is a segment tree?,"Tree used for efficient range queries and updates."
Applications of segment tree?,"Range sum, minimum, maximum queries."
What is a lazy propagation in segment tree?,"Technique to delay updates for efficient range operations."
What is a Fenwick tree/Binary Indexed Tree?,"Tree used for prefix sum queries."
Applications of Fenwick tree?,"Cumulative frequency tables, range queries."
Difference between segment tree and BIT?,"Segment tree supports range updates; BIT more memory-efficient for prefix sums."
What is a sparse table?,"Data structure for static range queries with O(1) query time."
Applications of sparse table?,"RMQ, LCA queries."
What is a disjoint-set data structure?,"Maintains a collection of non-overlapping sets."
Applications of disjoint-set?,"Kruskal’s MST, dynamic connectivity."
What is union by rank?,"Union optimization attaching smaller tree under larger tree."
What is path compression?,"Flattening trees in union-find for faster finds."
What is a graph?,"Set of vertices and edges connecting them."
What is an adjacency list?,"Graph representation using list of neighbors."
What is an adjacency matrix?,"2D matrix storing edges between all vertex pairs."
What is an incidence matrix?,"Matrix showing vertex-edge relationships."
What is a weighted graph?,"Graph where edges have associated weights."
What is a directed acyclic graph (DAG)?,"Directed graph with no cycles."
Applications of DAG?,"Scheduling, compilers, topological sorting."
What is topological sorting?,"Linear ordering of DAG nodes respecting dependencies."
What is shortest path problem?,"Finding minimum cost path between nodes."
Algorithms for shortest path?,"Dijkstra, Bellman-Ford, Floyd-Warshall."
What is minimum spanning tree?,"Tree connecting all vertices with minimum total weight."
Algorithms for MST?,"Kruskal, Prim."
What is a Euler path?,"Path visiting each edge exactly once."
What is a Hamiltonian path?,"Path visiting each vertex exactly once."
What is graph coloring?,"Assigning colors to nodes so that no adjacent nodes share a color."
Applications of graph coloring?,"Scheduling, register allocation, map coloring."
What is bipartite graph?,"Graph with vertices divided into two disjoint sets with edges only between sets."
How to check if a graph is bipartite?,"Using BFS/DFS and two-coloring method."
What is a planar graph?,"Graph that can be drawn on plane without edges crossing."
What is a complete bipartite graph?,"Bipartite graph where every vertex in one set connects to every vertex in the other."

Question,Answer
What is DBMS?,"Database Management System, software to store, manage, and retrieve data efficiently."
What is RDBMS?,"Relational Database Management System, where data is stored in tables with relationships."
What is the difference between DBMS and RDBMS?,"DBMS can be file-based; RDBMS supports relational tables, SQL, ACID properties."
What is a table in DBMS?,"A collection of related data organized in rows and columns."
What is a record/row?,"A single entry in a table."
What is a field/column?,"A single attribute of a table."
What is a primary key?,"Unique identifier for each row in a table."
What is a foreign key?,"Column referencing primary key of another table to maintain relationships."
What is a candidate key?,"Column or set of columns that can uniquely identify a record."
What is a composite key?,"A key formed by combining two or more columns."
What is a unique key?,"Column(s) that uniquely identifies records, but allows one NULL."
What is a super key?,"Any set of columns that uniquely identifies a row."
What is normalization?,"Process of organizing data to reduce redundancy."
What are normal forms?,"Rules (1NF, 2NF, 3NF, BCNF, etc.) for database normalization."
What is 1NF?,"No repeating groups; each column holds atomic values."
What is 2NF?,"1NF + all non-key attributes fully dependent on primary key."
What is 3NF?,"2NF + no transitive dependency on primary key."
What is BCNF?,"Stricter 3NF where every determinant is a candidate key."
What is denormalization?,"Process of adding redundancy to improve query performance."
What is an index in DBMS?,"Data structure to speed up query search operations."
What are types of indexes?,"Primary, Unique, Composite, Clustered, Non-Clustered."
What is a clustered index?,"Reorders table rows to match index order."
What is a non-clustered index?,"Separate structure storing pointers to actual data rows."
What is SQL?,"Structured Query Language used to interact with relational databases."
What is DDL?,"Data Definition Language; commands like CREATE, ALTER, DROP."
What is DML?,"Data Manipulation Language; commands like INSERT, UPDATE, DELETE."
What is DCL?,"Data Control Language; commands like GRANT, REVOKE."
What is TCL?,"Transaction Control Language; commands like COMMIT, ROLLBACK, SAVEPOINT."
What is a view?,"Virtual table created by a query; does not store data physically."
What is a stored procedure?,"Predefined SQL code stored in database for repeated execution."
What is a trigger?,"SQL code automatically executed in response to events."
What is a cursor?,"Database object used to retrieve rows one at a time."
What is ACID property?,"Atomicity, Consistency, Isolation, Durability – ensures reliable transactions."
What is a transaction?,"A unit of work performed against a database."
What is atomicity?,"All operations in a transaction succeed or fail together."
What is consistency?,"Database remains in a valid state before and after transaction."
What is isolation?,"Concurrent transactions do not interfere with each other."
What is durability?,"Once a transaction commits, its changes are permanent."
What is lock in DBMS?,"Mechanism to control concurrent access to data."
What is deadlock?,"Two or more transactions waiting indefinitely for resources held by each other."
What is normalization vs denormalization?,"Normalization reduces redundancy; denormalization improves performance."
What is data redundancy?,"Storing the same data multiple times."
What is data integrity?,"Accuracy and consistency of data in a database."
What is entity?,"A real-world object represented in a database."
What is entity set?,"Collection of similar entities."
What is attribute?,"Property of an entity."
What is relationship?,"Association between two or more entities."
What is relationship set?,"Collection of similar relationships."
What is ER model?,"Entity-Relationship model to visually design database schema."
What is cardinality?,"Number of entities in one entity set associated with number of entities in another."
What are types of cardinality?,"One-to-One, One-to-Many, Many-to-Many."
What is a schema?,"Logical structure of the database."
What is instance?,"Actual data stored in database at a point of time."
What is data independence?,"Ability to change schema without affecting application."
What is physical data independence?,"Change physical storage without affecting logical schema."
What is logical data independence?,"Change logical schema without affecting application programs."
What is metadata?,"Data describing structure, constraints, and relationships in a database."
What is a key constraint?,"Rules specifying uniqueness of entity identifiers."
What is referential integrity?,"Ensures foreign key values match primary key of referenced table."
What is a join?,"Operation combining data from two or more tables."
What are types of joins?,"INNER, LEFT, RIGHT, FULL OUTER, CROSS."
What is inner join?,"Returns rows with matching keys in both tables."
What is left join?,"Returns all rows from left table + matching rows from right table."
What is right join?,"Returns all rows from right table + matching rows from left table."
What is full outer join?,"Returns all rows from both tables with matching data when available."
What is cross join?,"Cartesian product of two tables."
What is union in SQL?,"Combines result sets of two queries and removes duplicates."
What is union all?,"Combines result sets including duplicates."
What is subquery?,"Query inside another SQL query."
What is correlated subquery?,"Subquery referencing column from outer query."
What is index scan?,"Search using index rather than full table scan."
What is full table scan?,"Reading every row of a table to process a query."
What is clustering in DBMS?,"Storing similar data together to improve performance."
What is partitioning?,"Dividing table into smaller pieces for better performance."
What are types of partitioning?,"Horizontal, Vertical, Range, Hash, List."
What is OLTP?,"Online Transaction Processing – handling many short transactions."
What is OLAP?,"Online Analytical Processing – complex queries for analysis."
Difference between OLTP and OLAP?,"OLTP: many small transactions; OLAP: fewer complex queries."
What is normalization vs denormalization?,"Normalization reduces redundancy; denormalization optimizes read performance."
What is a materialized view?,"View with stored data that can be refreshed periodically."
What is indexing key?,"Column(s) used to build an index."
What is bitmap index?,"Index using bitmaps for categorical data."
What is hash index?,"Index using hash function for exact match queries."
What is sequence?,"Database object generating sequential numeric values."
What is auto-increment?,"Column automatically increasing number for each new row."
What is a synonym?,"Alternative name for a database object."
What is a savepoint?,"Marker in a transaction to allow partial rollback."
What is rollback?,"Undo transaction to previous state."
What is commit?,"Make transaction changes permanent."
What is isolation level?,"Degree to which transactions are isolated from each other."
Types of isolation levels?,"Read Uncommitted, Read Committed, Repeatable Read, Serializable."
What is phantom read?,"New row appears in results of repeated query in another transaction."
What is dirty read?,"Reading uncommitted data from another transaction."
What is non-repeatable read?,"Value changes when re-read within same transaction."
What is database trigger?,"Automatic action executed on insert, update, or delete events."
What is referential action?,"Action taken when referenced data is updated or deleted."
Types of referential actions?,"CASCADE, SET NULL, SET DEFAULT, NO ACTION."
What is stored procedure?,"Precompiled SQL code stored in the database for repeated use."
What is database view?,"Virtual table representing result of a query."
What is normalization anomaly?,"Insertion, update, or deletion causing data inconsistency."
What are types of anomalies?,"Insertion, Update, Deletion anomalies."
What is denormalized schema?,"Schema with intentional redundancy to improve query speed."
What is database constraint?,"Rule enforcing data integrity."
Types of constraints?,"Primary Key, Foreign Key, Unique, Not Null, Check."
What is trigger vs stored procedure?,"Trigger runs automatically on events; procedure runs manually."
What is ACID in transactions?,"Atomicity, Consistency, Isolation, Durability."
What is BASE in NoSQL?,"Basically Available, Soft state, Eventually consistent."
What is NoSQL?,"Non-relational database optimized for unstructured data, high scalability."
Types of NoSQL databases?,"Key-Value, Document, Column-Family, Graph."
What is CAP theorem?,"Consistency, Availability, Partition tolerance – only 2 can be fully satisfied."

Question,Answer
What is a deadlock in DBMS?,"A situation where two or more transactions are waiting indefinitely for resources held by each other."
What are methods to prevent deadlock?,"Deadlock prevention, avoidance, detection, and recovery."
What is deadlock prevention?,"Ensuring that the system never enters a deadlock state by careful resource allocation."
What is deadlock avoidance?,"Using algorithms like Wait-Die and Wound-Wait to avoid deadlocks dynamically."
What is deadlock detection?,"Detecting cycles in wait-for graphs to identify deadlocks."
What is deadlock recovery?,"Killing or rolling back one or more transactions to break the deadlock."
What is two-phase locking (2PL)?,"Protocol to acquire all locks before release to ensure serializability."
What is strict 2PL?,"Locks are held until transaction commits or aborts."
What is rigorous 2PL?,"All exclusive locks are held until commit; shared locks may be released earlier."
What is timestamp-based concurrency control?,"Transactions are ordered based on timestamps to maintain serializability."
What is optimistic concurrency control?,"Assumes minimal conflicts; validates transactions at commit time."
What is multiversion concurrency control (MVCC)?,"Maintains multiple versions of data to allow concurrent reads and writes."
What is serializability?,"Schedule of transactions is equivalent to some serial order."
What is conflict serializability?,"Transactions can be swapped without affecting results if they don’t conflict."
What is view serializability?,"Schedule produces same final database state as some serial order, even if conflicts exist."
What is phantom problem?,"New rows added by another transaction affect repeated queries within current transaction."
What is write-ahead logging (WAL)?,"Logging changes before updating database to ensure durability."
What is redo?,"Reapplying committed transaction changes during recovery."
What is undo?,"Reverting uncommitted transaction changes during recovery."
What is checkpointing?,"Saving current database state to reduce recovery time after crash."
What is buffer management in DBMS?,"Managing in-memory pages to minimize disk I/O."
What is page replacement policy?,"Algorithm to decide which page to remove from buffer, e.g., LRU, MRU."
What is database caching?,"Storing frequently accessed data in memory for faster access."
What is query optimization?,"Choosing the most efficient way to execute a query."
What is a query execution plan?,"Step-by-step strategy chosen by the database engine to execute a query."
What is cost-based optimization?,"Choosing plan with least estimated cost based on statistics."
What is rule-based optimization?,"Using fixed heuristics to choose execution plan."
What is nested-loop join?,"Joining tables by scanning one table and matching each row with the other table."
What is block nested-loop join?,"Optimization using blocks of rows instead of one row at a time."
What is indexed nested-loop join?,"Using an index on inner table to speed up join."
What is sort-merge join?,"Sorting both tables and merging sorted rows for join."
What is hash join?,"Partitioning tables with a hash function and joining partitions."
What is star schema?,"Fact table at center with dimension tables surrounding it."
What is snowflake schema?,"Normalized version of star schema with hierarchies in dimension tables."
What is fact table?,"Table storing quantitative metrics in a data warehouse."
What is dimension table?,"Table storing descriptive attributes for facts."
What is ETL process?,"Extract, Transform, Load – process of moving data into a data warehouse."
What is OLAP cube?,"Multidimensional array of data for analytical queries."
What is roll-up operation in OLAP?,"Aggregating data along a hierarchy."
What is drill-down operation in OLAP?,"Breaking aggregated data into finer detail."
What is slice operation in OLAP?,"Selecting a single dimension from the cube."
What is dice operation in OLAP?,"Selecting multiple dimensions from the cube."
What is pivot operation in OLAP?,"Rotating cube axes for different view of data."
What is NoSQL database?,"Non-relational database designed for unstructured, high-volume data."
Types of NoSQL?,"Key-Value, Document, Column-Family, Graph databases."
What is key-value store?,"Stores data as key-value pairs, e.g., Redis, DynamoDB."
What is document database?,"Stores data as JSON-like documents, e.g., MongoDB."
What is column-family database?,"Stores data in columns rather than rows, e.g., Cassandra."
What is graph database?,"Represents entities as nodes and relationships as edges, e.g., Neo4j."
What is CAP theorem?,"Consistency, Availability, Partition tolerance – only two can be fully satisfied."
What is eventual consistency?,"Data will eventually be consistent across nodes in a distributed database."
What is sharding?,"Horizontal partitioning of data across multiple servers."
What is replication?,"Copying data to multiple nodes for availability and fault tolerance."
What is database mirroring?,"Maintaining a copy of database on another server for high availability."
What is indexing?,"Data structure to speed up retrieval of rows based on column values."
Types of indexes?,"B-Tree, B+Tree, Hash index, Bitmap index."
What is clustered index?,"Rows stored in order of index key."
What is non-clustered index?,"Separate structure pointing to actual data rows."
What is bitmap index?,"Index using bits to represent the presence of values."
What is hash index?,"Index using a hash function for fast lookups."
What is composite index?,"Index on multiple columns."
What is unique index?,"Index enforcing uniqueness constraint."
What is function-based index?,"Index built on expression or function of column."
What is materialized view?,"View storing results physically for fast access."
What is database partitioning?,"Dividing tables or indexes into smaller pieces for performance."
Types of partitioning?,"Horizontal, Vertical, Range, List, Hash, Composite."
What is horizontal partitioning?,"Splitting table rows across partitions."
What is vertical partitioning?,"Splitting table columns across partitions."
What is database schema?,"Logical structure defining tables, columns, relationships, constraints."
What is database instance?,"Data stored in database at a specific point in time."
What is metadata?,"Data describing database structure and objects."
What is stored procedure?,"Precompiled SQL program stored in database."
What is trigger?,"Procedure automatically executed on specific table events."
What is cursor?,"Pointer to retrieve and manipulate rows one at a time."
What is savepoint?,"Marker inside a transaction to allow partial rollback."
What is rollback?,"Undoing uncommitted changes in a transaction."
What is commit?,"Making changes permanent in a transaction."
What is isolation level?,"Degree to which transactions are isolated from each other."
Types of isolation levels?,"Read Uncommitted, Read Committed, Repeatable Read, Serializable."
What is phantom read?,"New rows appear in repeated queries within a transaction."
What is dirty read?,"Reading uncommitted changes from another transaction."
What is non-repeatable read?,"Data changes between multiple reads in same transaction."
What is multi-version concurrency control (MVCC)?,"Maintains multiple versions of data to allow concurrent reads and writes."
What is transaction log?,"Record of all database changes used for recovery."
What is replication lag?,"Time delay between primary and replica databases."
What is hot backup?,"Backing up database while it is online."
What is cold backup?,"Backing up database while it is offline."
What is database clustering?,"Grouping database servers for high availability and load balancing."
What is RAID in databases?,"Redundant Array of Independent Disks for storage redundancy and performance."
What is log shipping?,"Copying database logs to another server for disaster recovery."

Question,Answer
What is a correlated subquery?,"A subquery that references columns from the outer query."
What is a self-join?,"Joining a table with itself to compare rows within the same table."
What is a cross join?,"Returns the Cartesian product of two tables."
What is inner join?,"Returns only rows with matching values in both tables."
What is left join?,"Returns all rows from left table and matched rows from right table."
What is right join?,"Returns all rows from right table and matched rows from left table."
What is full outer join?,"Returns all rows from both tables, filling NULLs for unmatched rows."
What is natural join?,"Automatically joins tables using columns with same names and compatible types."
What is union?,"Combines results of two queries and removes duplicates."
What is union all?,"Combines results of two queries including duplicates."
What is intersect?,"Returns rows common to two queries."
What is minus/except?,"Returns rows in first query not in second."
What is case statement in SQL?,"Conditional expression to return values based on conditions."
What is coalesce function?,"Returns first non-NULL value from a list of expressions."
What is nullif function?,"Returns NULL if two expressions are equal."
What is row_number() function?,"Assigns unique sequential numbers to rows in a result set."
What is rank() function?,"Assigns rank to rows with ties receiving same rank."
What is dense_rank() function?,"Like rank(), but no gaps in ranking sequence."
What is partition by clause?,"Divides result set into partitions for window functions."
What is window function?,"Performs calculations across a set of table rows related to current row."
What is CTE (Common Table Expression)?,"Temporary result set that can be referenced within a query."
What is recursive CTE?,"CTE that references itself to perform hierarchical queries."
What is subquery factoring?,"Using WITH clause to define reusable subqueries."
What is pivot in SQL?,"Converts rows into columns for reporting purposes."
What is unpivot in SQL?,"Converts columns into rows."
What is EXISTS keyword?,"Tests existence of rows returned by a subquery."
What is NOT EXISTS keyword?,"Tests absence of rows returned by a subquery."
What is IN operator?,"Checks if a value matches any value in a list or subquery."
What is NOT IN operator?,"Checks if a value does not match any value in a list or subquery."
What is LIKE operator?,"Pattern matching operator using % and _."
What is ILIKE operator?,"Case-insensitive pattern matching (PostgreSQL)."
What is BETWEEN operator?,"Checks if value lies within a range."
What is GROUP BY?,"Groups rows sharing same values to perform aggregate functions."
What is HAVING clause?,"Filters groups based on aggregate function results."
What is aggregate function?,"Function performing calculations on multiple rows: SUM, AVG, COUNT, MAX, MIN."
What is subquery vs join?,"Subquery returns values for outer query; join combines tables in single query."
What is nested aggregation?,"Using aggregate functions inside another aggregate or subquery."
What is indexing?,"Creating data structures to speed up retrieval of rows."
What is composite index?,"Index on multiple columns for better query performance."
What is unique index?,"Enforces uniqueness constraint on column(s)."
What is full-text index?,"Index to speed up text searches."
What is function-based index?,"Index built on expression or function of a column."
What is bitmap index?,"Index using bits for low-cardinality columns."
What is clustered index?,"Index ordering the actual data rows according to key."
What is non-clustered index?,"Index separate from data rows storing pointers to data."
What is index-organized table?,"Table stored as a B+ tree sorted by primary key."
What is query plan?,"Sequence of operations chosen by optimizer to execute a query."
What is explain plan?,"Shows execution plan for a SQL query."
What is optimizer?,"Database component choosing most efficient query execution method."
What is cost-based optimizer?,"Selects plan with least estimated cost using statistics."
What is rule-based optimizer?,"Selects plan based on predefined rules."
What is table scan?,"Reading entire table to process query."
What is index scan?,"Using index to locate rows efficiently."
What is covering index?,"Index containing all columns required by a query."
What is database partitioning?,"Splitting tables or indexes into smaller segments for performance."
What is horizontal partitioning?,"Dividing table rows across partitions."
What is vertical partitioning?,"Dividing table columns across partitions."
What is range partitioning?,"Dividing rows based on ranges of a column value."
What is list partitioning?,"Dividing rows based on discrete values of a column."
What is hash partitioning?,"Distributing rows across partitions using hash function."
What is composite partitioning?,"Combination of two or more partitioning strategies."
What is sharding?,"Horizontal partitioning across multiple servers in distributed database."
What is replication in DBMS?,"Copying and maintaining database data across multiple nodes."
What is master-slave replication?,"Primary server handles writes; secondary servers replicate data for reads."
What is multi-master replication?,"Multiple servers accept writes and synchronize data."
What is eventual consistency?,"Data may be temporarily inconsistent but will converge eventually."
What is ACID property?,"Atomicity, Consistency, Isolation, Durability for reliable transactions."
What is BASE property?,"Basically Available, Soft state, Eventually consistent for distributed databases."
What is transaction?,"Unit of work performed on a database with ACID properties."
What is commit?,"Making transaction changes permanent."
What is rollback?,"Undoing transaction changes."
What is savepoint?,"Marker in transaction allowing partial rollback."
What is isolation level?,"Degree of isolation between concurrent transactions."
What is read uncommitted?,"Lowest isolation; allows dirty reads."
What is read committed?,"Allows only committed data to be read."
What is repeatable read?,"Prevents non-repeatable reads; phantom rows may occur."
What is serializable?,"Highest isolation; prevents all concurrency anomalies."
What is deadlock?,"Transactions waiting indefinitely for resources held by each other."
What is two-phase locking (2PL)?,"Acquire all locks before releasing any to ensure serializability."
What is strict 2PL?,"Locks held until commit or rollback."
What is optimistic concurrency control?,"Assumes minimal conflicts; checks at commit time."
What is pessimistic concurrency control?,"Locks data to prevent conflicts before modification."
What is multiversion concurrency control (MVCC)?,"Maintains multiple versions of data for concurrent access."
What is trigger?,"Automatic procedure executed on insert, update, or delete."
What is stored procedure?,"Precompiled SQL code stored in database for repeated execution."
What is cursor?,"Pointer to traverse and manipulate rows one at a time."
What is temporary table?,"Table that exists temporarily during session or transaction."
What is materialized view?,"Stored result of query that can be refreshed periodically."
What is database constraint?,"Rule enforcing data integrity: primary key, foreign key, unique, not null, check."
What is referential integrity?,"Ensures foreign key values match primary key of referenced table."
What is data redundancy?,"Storing same data multiple times, which normalization aims to reduce."
What is normalization?,"Organizing database to reduce redundancy and improve integrity."
What is denormalization?,"Adding redundancy to improve query performance."
What is ER model?,"Entity-Relationship model for visual database design."
What is cardinality in ER?,"Specifies number of relationships between entities."
What are types of cardinality?,"One-to-One, One-to-Many, Many-to-Many."
What is database schema?,"Logical structure defining tables, relationships, and constraints."
What is database instance?,"Data stored in database at a point in time."
What is metadata?,"Data about database objects, structure, and constraints."
What is OLTP?,"Online Transaction Processing handling short, frequent transactions."
What is OLAP?,"Online Analytical Processing for complex queries and data analysis."
What is star schema?,"Fact table connected to dimension tables in a data warehouse."
What is snowflake schema?,"Normalized version of star schema with hierarchical dimensions."
What is ETL process?,"Extract, Transform, Load – moving data into data warehouse."
What is indexing key?,"Column(s) used to create an index for fast retrieval."


#cloud computing
Question,Answer
What is cloud computing?,"Delivery of computing resources over the internet on demand."
What are the key characteristics of cloud computing?,"On-demand self-service, broad network access, resource pooling, rapid elasticity, measured service."
What are the types of cloud computing?,"Public, Private, Hybrid, Community clouds."
What is public cloud?,"Cloud services offered over the internet by third-party providers."
What is private cloud?,"Cloud infrastructure operated solely for one organization."
What is hybrid cloud?,"Combination of public and private clouds to leverage benefits of both."
What is community cloud?,"Shared cloud infrastructure for a specific community of users."
What are the service models in cloud computing?,"IaaS, PaaS, SaaS."
What is IaaS?,"Infrastructure as a Service – provides virtualized computing resources over the internet."
What is PaaS?,"Platform as a Service – provides platform for application development without managing underlying infrastructure."
What is SaaS?,"Software as a Service – delivers software applications over the internet on subscription basis."
What is cloud deployment model?,"Method of deploying cloud infrastructure: public, private, hybrid, or community."
What is virtualization?,"Creating virtual version of computing resources like servers, storage, or networks."
What is hypervisor?,"Software layer that enables virtualization by managing virtual machines."
Types of hypervisors?,"Type 1 (bare-metal), Type 2 (hosted)."
What is Type 1 hypervisor?,"Runs directly on hardware for high performance (e.g., VMware ESXi)."
What is Type 2 hypervisor?,"Runs on top of host OS (e.g., VirtualBox, VMware Workstation)."
What is multi-tenancy?,"Multiple customers share same cloud infrastructure securely."
What is elasticity in cloud?,"Ability to scale resources up or down automatically based on demand."
What is scalability in cloud?,"Capability to handle growing workloads by adding resources."
What is horizontal scaling?,"Adding more instances of resources to handle load."
What is vertical scaling?,"Increasing resources (CPU, RAM) of existing instance."
What is load balancing?,"Distributing incoming traffic across multiple servers for efficiency."
What is cloud orchestration?,"Automating management, coordination, and arrangement of cloud resources."
What is cloud automation?,"Using software to automate deployment, scaling, and management of cloud services."
What is serverless computing?,"Executing code without managing servers; providers handle resource allocation."
What is FaaS?,"Function as a Service – serverless model where individual functions run on-demand."
What is containerization?,"Packaging applications with dependencies into isolated containers (e.g., Docker)."
What is Kubernetes?,"Open-source platform for automating container deployment, scaling, and management."
What is microservices architecture?,"Designing applications as a collection of small, independent services."
Difference between monolithic and microservices?,"Monolithic: single deployable unit; microservices: multiple small services."
What is API gateway?,"Single entry point managing requests to microservices."
What is cloud storage?,"Online storage of data accessible via the internet."
Types of cloud storage?,"Object storage, block storage, file storage."
What is object storage?,"Stores data as objects with metadata; scalable for unstructured data."
What is block storage?,"Data stored in fixed-size blocks; used by databases."
What is file storage?,"Stores data in hierarchical files and folders."
What is CDN?,"Content Delivery Network – distributed servers delivering content faster to users."
What is edge computing?,"Processing data near the source to reduce latency."
What is cloud-native application?,"Application designed to leverage cloud computing benefits."
What is hybrid cloud integration?,"Connecting private and public clouds for seamless operation."
What is cloud migration?,"Moving applications, data, or workloads from on-premise to cloud."
What are benefits of cloud computing?,"Cost efficiency, scalability, flexibility, disaster recovery, rapid deployment."
What are cloud security concerns?,"Data breaches, data loss, account hijacking, insider threats, insecure APIs."
What is shared responsibility model?,"Cloud provider manages infrastructure security; customer manages data and applications security."
What is encryption in cloud?,"Protecting data using cryptographic algorithms during storage and transit."
What is SSL/TLS?,"Protocol to encrypt data transmitted over the internet."
What is identity and access management (IAM)?,"Controlling user access to cloud resources."
What is multi-factor authentication (MFA)?,"Security measure requiring multiple forms of verification."
What is single sign-on (SSO)?,"Authentication method allowing users to access multiple applications with one login."
What is virtual private cloud (VPC)?,"Isolated private network within a public cloud."
What is cloud bursting?,"Using public cloud to handle excess load beyond private cloud capacity."
What is disaster recovery as a service (DRaaS)?,"Cloud-based solution to recover applications after disaster."
What is backup as a service (BaaS)?,"Cloud service providing backup storage and recovery."
What is SaaS example?,"Google Workspace, Salesforce, Dropbox."
What is PaaS example?,"Heroku, Google App Engine, Microsoft Azure App Service."
What is IaaS example?,"Amazon EC2, Microsoft Azure VMs, Google Compute Engine."
What is AWS?,"Amazon Web Services – leading public cloud provider."
What is Microsoft Azure?,"Cloud platform offering IaaS, PaaS, and SaaS services."
What is Google Cloud Platform (GCP)?,"Google's suite of cloud computing services."
What is OpenStack?,"Open-source software platform for building private and public clouds."
What is cloud monitoring?,"Tracking performance, availability, and usage of cloud resources."
What is cloud cost management?,"Optimizing cloud resource usage to reduce costs."
What is autoscaling?,"Automatically adjusting compute resources based on load."
What is API in cloud?,"Application Programming Interface to interact with cloud services programmatically."
What is serverless database?,"Database service that scales automatically without server management (e.g., Amazon Aurora Serverless)."
What is cloud-native storage?,"Storage designed for cloud architecture with scalability and redundancy."
What is container orchestration?,"Managing deployment, scaling, and networking of containers automatically."
What is immutable infrastructure?,"Servers or resources that are never modified after deployment; replaced instead."
What is DevOps in cloud?,"Combining development and operations for faster deployment using automation."
What is CI/CD?,"Continuous Integration and Continuous Deployment – automated software delivery pipeline."
What is Infrastructure as Code (IaC)?,"Managing cloud infrastructure using machine-readable configuration files."
Tools for IaC?,"Terraform, AWS CloudFormation, Ansible."
What is service mesh?,"Dedicated infrastructure layer handling service-to-service communication in microservices."
What is hybrid cloud vs multi-cloud?,"Hybrid: public + private cloud; Multi-cloud: multiple public cloud providers."
What is cloud SLA?,"Service Level Agreement specifying uptime, performance, and responsibilities."
What is cloud elasticity vs scalability?,"Elasticity: automatic resource adjustment; Scalability: ability to increase capacity manually or automatically."
What is private endpoint in cloud?,"Securely accessing cloud resources over private network."
What is cloud-native security?,"Designing applications with built-in security for cloud environments."
What is Kubernetes pod?,"Smallest deployable unit in Kubernetes containing one or more containers."
What is container registry?,"Repository to store and manage container images."
What is load balancer?,"Distributes traffic across multiple instances to improve performance and reliability."
What is serverless vs container?,"Serverless abstracts servers entirely; containers package app and dependencies for portability."
What is cloud orchestration vs automation?,"Orchestration coordinates multiple tasks; automation executes individual tasks automatically."
What is cloud cost optimization?,"Strategies to reduce unnecessary cloud expenditure while maintaining performance."
What is cloud-native application design principle?,"Designing apps to use microservices, statelessness, API-first, and automation."
What is SaaS vs on-premise?,"SaaS: hosted by provider; On-premise: installed locally in organization."
What is hybrid deployment?,"Part of the application runs on private cloud, part on public cloud."
What is cloud compliance?,"Ensuring cloud systems follow regulatory and industry standards."
What is cloud service provider (CSP)?,"Company providing cloud infrastructure, platform, or software services."
What is multi-cloud strategy?,"Using services from multiple cloud providers to avoid vendor lock-in."
What is edge cloud?,"Computing resources deployed close to end-users for low latency."
What is cloud-native monitoring?,"Observability and metrics collection designed for cloud applications."
What is cloud orchestration tool?,"Software managing provisioning, deployment, and scaling of cloud resources (e.g., Kubernetes, Terraform)."

Question,Answer
What is cloud security?,"Measures and practices to protect cloud data, applications, and infrastructure."
What is shared responsibility model?,"Cloud provider secures infrastructure; customer secures data, applications, and access."
What is data encryption in cloud?,"Encoding data to prevent unauthorized access, both at rest and in transit."
What is encryption at rest?,"Encrypting stored data in databases, storage, and disks."
What is encryption in transit?,"Encrypting data while moving between clients and servers or between cloud services."
What is TLS/SSL?,"Protocols to secure communication over the internet using encryption."
What is identity and access management (IAM)?,"Managing user identities and controlling access to cloud resources."
What is multi-factor authentication (MFA)?,"Requiring two or more verification methods to access cloud accounts."
What is single sign-on (SSO)?,"Allowing one login to access multiple applications and services."
What is role-based access control (RBAC)?,"Access control based on user roles defining permissions."
What is attribute-based access control (ABAC)?,"Access control using attributes like user, environment, and resource."
What is key management service (KMS)?,"Service to create, manage, and rotate encryption keys securely."
What is cloud firewall?,"Network security system controlling inbound and outbound traffic to cloud resources."
What is DDoS protection in cloud?,"Mitigating distributed denial-of-service attacks to maintain availability."
What is cloud monitoring?,"Tracking performance, uptime, and security of cloud resources."
What is cloud logging?,"Collecting and storing logs from applications and infrastructure for analysis."
What is cloud SIEM?,"Security Information and Event Management system for cloud monitoring and threat detection."
What is cloud compliance?,"Ensuring cloud services meet legal, regulatory, and industry standards."
What is GDPR in cloud?,"General Data Protection Regulation for data privacy in EU."
What is HIPAA in cloud?,"Health Insurance Portability and Accountability Act for healthcare data security."
What is ISO 27001?,"International standard for information security management systems."
What is cloud VPN?,"Virtual Private Network providing secure connection to cloud resources."
What is VPC?,"Virtual Private Cloud – isolated network in cloud for resources."
What is subnets in VPC?,"Dividing VPC into smaller IP ranges for better management and security."
What is NAT gateway?,"Network Address Translation gateway allowing private instances to access internet."
What is internet gateway?,"Provides internet access to instances within VPC."
What is route table?,"Defines how traffic is routed between subnets, internet, and VPNs."
What is cloud load balancer?,"Distributes traffic across multiple instances for availability and performance."
What is auto-scaling group?,"Automatically adjusts number of instances based on demand."
What is cloud elasticity?,"Automatic adjustment of resources to meet changing workloads."
What is cloud scalability?,"Ability to increase/decrease capacity to handle workload."
What is horizontal scaling?,"Adding more instances to distribute load."
What is vertical scaling?,"Increasing resources (CPU, RAM) of existing instances."
What is serverless computing?,"Running code without managing servers; cloud provider handles infrastructure."
What is FaaS?,"Function as a Service – serverless model executing functions on demand."
What is BaaS?,"Backend as a Service – cloud backend services like authentication, databases, storage."
What is SaaS?,"Software as a Service – cloud-hosted applications accessible via browser."
What is PaaS?,"Platform as a Service – cloud platform to develop, deploy, and manage applications."
What is IaaS?,"Infrastructure as a Service – cloud-provided virtual machines, storage, and networking."
What is containerization?,"Packaging applications and dependencies into containers for portability."
What is Docker?,"Platform to create, deploy, and run containers."
What is Kubernetes?,"Orchestration system for deploying, scaling, and managing containers."
What is pod in Kubernetes?,"Smallest deployable unit containing one or more containers."
What is container registry?,"Repository to store and manage container images."
What is cloud-native application?,"Application designed to leverage cloud benefits like scalability, elasticity, and automation."
What is microservices architecture?,"Building applications as a collection of small, independent services."
What is API gateway?,"Single entry point for client requests to multiple microservices."
What is service mesh?,"Infrastructure layer managing service-to-service communication, security, and monitoring."
What is CI/CD in cloud?,"Continuous Integration and Continuous Deployment – automated software delivery pipeline."
What is DevOps in cloud?,"Combining development and operations to deliver applications faster with automation."
What is Infrastructure as Code (IaC)?,"Managing cloud infrastructure using code-based configuration files."
Tools for IaC?,"Terraform, AWS CloudFormation, Ansible, Pulumi."
What is cloud migration?,"Moving applications, data, or workloads from on-premises to cloud."
What is cloud bursting?,"Using public cloud to handle extra workload from private cloud."
What is hybrid cloud?,"Integration of private and public clouds to work together."
What is multi-cloud?,"Using multiple public cloud providers for services."
What is edge computing?,"Processing data near its source to reduce latency and bandwidth usage."
What is CDN?,"Content Delivery Network – distributed servers delivering content closer to users."
What is immutable infrastructure?,"Infrastructure that is never modified after deployment; replaced if changes are needed."
What is cloud observability?,"Monitoring and analyzing metrics, logs, and traces for cloud systems."
What is cloud SLA?,"Service Level Agreement defining provider responsibilities and guaranteed uptime."
What is cloud backup?,"Backing up data to cloud storage for disaster recovery."
What is DRaaS?,"Disaster Recovery as a Service – replicating systems in cloud for recovery after disaster."
What is BCP in cloud?,"Business Continuity Planning ensuring cloud systems remain available during disruptions."
What is cloud cost optimization?,"Strategies to reduce cloud spending while maintaining performance."
What is tagging in cloud?,"Assigning metadata to resources for organization, tracking, and cost allocation."
What is serverless database?,"Database that scales automatically without server management."
What is managed database service?,"Cloud service providing database with automated management and maintenance."
What is cloud-native storage?,"Storage designed to be scalable, resilient, and integrated with cloud environment."
What is object storage?,"Storing data as objects with metadata, ideal for unstructured data."
What is block storage?,"Low-level storage for databases or virtual machines."
What is file storage?,"Network-accessible file storage using standard protocols."
What is cloud logging?,"Collecting and analyzing logs from applications and infrastructure in cloud."
What is cloud monitoring?,"Tracking system health, performance, and availability."
What is alerting in cloud?,"Notifications triggered when metrics cross thresholds."
What is auto-remediation?,"Automatic fixing of detected issues in cloud infrastructure."
What is blue-green deployment?,"Deploying new version alongside old, then switching traffic to new version."
What is canary deployment?,"Rolling out new version to small subset of users before full deployment."
What is rollback strategy?,"Reverting cloud resources or applications to previous working state."
What is fault tolerance in cloud?,"System design to continue operation despite component failures."
What is high availability in cloud?,"Ensuring services are accessible for maximum uptime."
What is elasticity vs scalability?,"Elasticity: automatic adjustment; Scalability: ability to grow/shrink resources."
What is cloud-native monitoring?,"Observability designed for dynamic, distributed cloud applications."
What is API in cloud?,"Interface allowing interaction with cloud services programmatically."
What is public cloud provider?,"Company offering cloud services over the internet (AWS, Azure, GCP)."
What is private cloud provider?,"Cloud infrastructure owned or dedicated to one organization."
What is hybrid deployment?,"Combining on-premise, private, and public cloud resources."
What is vendor lock-in?,"Dependence on a single cloud provider, making migration difficult."
What is elasticity vs over-provisioning?,"Elasticity automatically scales; over-provisioning allocates more resources than needed."
What is pay-as-you-go pricing?,"Billing model based on actual resource usage."
What is reserved instance?,"Cloud instance purchased for fixed period at discounted rate."
What is spot instance?,"Unused cloud instance offered at discounted price for flexible workloads."

Question,Answer
What is cloud architecture?,"Design and structure of cloud resources including compute, storage, and networking."
What is multi-region deployment?,"Deploying cloud resources across multiple geographic regions for redundancy and low latency."
What is availability zone?,"Isolated data center within a region to ensure high availability."
What is disaster recovery strategy?,"Plan to restore services after failure using backups, replication, and failover."
What is failover?,"Automatic switching to standby system when primary fails."
What is load balancing in cloud?,"Distributing incoming traffic across multiple servers or instances."
What is sticky session?,"Routing user requests to the same server during a session."
What is cloud-native application?,"Designed to fully leverage cloud capabilities like scalability and automation."
What is stateless application?,"Does not store session data locally; state is stored externally or in database."
What is stateful application?,"Stores session or transaction state locally on server."
What is elasticity in cloud?,"Ability to automatically scale resources based on demand."
What is auto-scaling policy?,"Rules that determine when and how to scale cloud resources."
What is cloud orchestration?,"Automating deployment, management, and coordination of cloud resources."
What is cloud provisioning?,"Allocating cloud resources to users or applications."
What is blue-green deployment?,"Deploying new version alongside old and switching traffic after testing."
What is canary deployment?,"Releasing new version to small subset of users to monitor performance."
What is rolling deployment?,"Gradually updating instances to new version without downtime."
What is immutable infrastructure?,"Infrastructure that is never modified after deployment; replaced entirely if changes are needed."
What is microservices in cloud?,"Architectural style dividing application into small, independent services."
What is API gateway?,"Single entry point for client requests to multiple microservices."
What is service mesh?,"Infrastructure layer managing service-to-service communication and security."
What is cloud-native monitoring?,"Observability designed for dynamic, distributed cloud applications."
What is cloud logging?,"Collecting and analyzing logs from applications and infrastructure."
What is alerting in cloud?,"Sending notifications when thresholds or events occur."
What is cloud cost optimization?,"Strategies to reduce cloud spending while maintaining performance."
What is tagging in cloud?,"Assigning metadata to resources for organization, tracking, and billing."
What is serverless architecture?,"Running applications without managing servers; provider handles infrastructure."
What is Function as a Service (FaaS)?,"Serverless model executing code on demand."
What is Backend as a Service (BaaS)?,"Cloud backend services like authentication, databases, and storage."
What is Infrastructure as Code (IaC)?,"Managing cloud resources using code-based configurations."
What is CI/CD in cloud?,"Continuous Integration and Continuous Deployment pipelines for automated delivery."
What is DevOps in cloud?,"Combining development and operations to deliver applications faster with automation."
What is containerization?,"Packaging applications with dependencies into containers for portability."
What is Docker?,"Platform to create, deploy, and run containers."
What is Kubernetes?,"Orchestration system for deploying, scaling, and managing containers."
What is Kubernetes pod?,"Smallest deployable unit containing one or more containers."
What is Kubernetes service?,"Abstraction defining access to pods and load balancing."
What is Kubernetes ingress?,"Manages external access to services in Kubernetes."
What is cloud-native database?,"Database designed to scale and integrate with cloud applications."
What is managed database service?,"Cloud service providing automated management, backups, and scaling for databases."
What is serverless database?,"Database that automatically scales without server management."
What is object storage?,"Storing data as objects with metadata, ideal for unstructured data."
What is block storage?,"Low-level storage suitable for databases or virtual machines."
What is file storage?,"Storing files in hierarchical structure accessible over network."
What is CDN?,"Content Delivery Network – delivers content closer to users for lower latency."
What is edge computing?,"Processing data near source to reduce latency and bandwidth."
What is cloud SLA?,"Service Level Agreement defining uptime, performance, and responsibilities."
What is cloud compliance?,"Ensuring cloud systems meet regulatory and industry standards."
What is GDPR in cloud?,"EU regulation for data protection and privacy."
What is HIPAA in cloud?,"US regulation for securing healthcare data."
What is ISO 27001?,"International standard for information security management."
What is cloud encryption?,"Encoding data at rest or in transit to prevent unauthorized access."
What is encryption at rest?,"Encrypting stored data in databases, disks, or storage."
What is encryption in transit?,"Encrypting data moving between clients and cloud services."
What is key management service (KMS)?,"Service to create, store, and manage encryption keys."
What is IAM in cloud?,"Identity and Access Management – controlling user access to resources."
What is multi-factor authentication (MFA)?,"Security requiring multiple forms of verification."
What is single sign-on (SSO)?,"One login to access multiple applications and services."
What is role-based access control (RBAC)?,"Access control based on user roles and permissions."
What is attribute-based access control (ABAC)?,"Access control using attributes of user, resource, or environment."
What is cloud firewall?,"Network security controlling inbound and outbound traffic to cloud resources."
What is DDoS protection in cloud?,"Mitigating distributed denial-of-service attacks to maintain availability."
What is cloud backup?,"Backing up data to cloud storage for disaster recovery."
What is DRaaS?,"Disaster Recovery as a Service – replicating systems in cloud for recovery after disasters."
What is business continuity planning (BCP)?,"Ensuring applications and services remain operational during disruptions."
What is high availability in cloud?,"Designing systems to ensure maximum uptime."
What is fault tolerance in cloud?,"System’s ability to continue operating even if components fail."
What is cloud migration?,"Moving applications, data, or workloads from on-premises to cloud."
What is hybrid cloud?,"Integrating private and public clouds for seamless operations."
What is multi-cloud?,"Using multiple cloud providers to avoid vendor lock-in."
What is cloud vendor lock-in?,"Dependence on a single cloud provider making migration difficult."
What is cloud bursting?,"Using public cloud to handle spikes in demand beyond private cloud capacity."
What is public cloud?,"Cloud resources offered over the internet by third-party providers."
What is private cloud?,"Cloud infrastructure operated solely for one organization."
What is community cloud?,"Shared cloud infrastructure for a specific group of organizations."
What is cloud elasticity vs scalability?,"Elasticity: automatic adjustment of resources; Scalability: increasing resources to handle load."
What is pay-as-you-go pricing?,"Billing based on actual usage of cloud resources."
What is reserved instance?,"Pre-purchasing cloud resources for a fixed term at lower cost."
What is spot instance?,"Using unused cloud resources at discounted price for flexible workloads."
What is tagging in cloud?,"Adding metadata to resources for management, billing, and automation."
What is cloud observability?,"Monitoring metrics, logs, and traces to understand system behavior."
What is auto-remediation in cloud?,"Automatically fixing detected issues in cloud infrastructure."
What is cloud orchestration?,"Automating deployment, scaling, and management of cloud resources."
What is cloud provisioning?,"Allocating and configuring resources for applications or users."
What is blue-green deployment?,"Deploying new version alongside old, then switching traffic after testing."
What is canary deployment?,"Releasing new version to small subset of users before full rollout."
What is rolling deployment?,"Gradually updating instances to new version without downtime."
What is immutable infrastructure?,"Resources replaced entirely instead of modified for updates."

Question,Answer
What is cloud troubleshooting?,"Identifying and resolving issues in cloud applications, infrastructure, or services."
What are common cloud performance issues?,"High latency, resource contention, misconfigured load balancers, inefficient queries."
What is hybrid cloud architecture?,"Integrating private and public cloud resources for seamless operations."
What is multi-cloud strategy?,"Using multiple cloud providers to avoid vendor lock-in and improve redundancy."
What is vendor lock-in?,"Dependence on a single cloud provider, making migration or switching difficult."
How can you avoid vendor lock-in?,"Use open standards, containerization, multi-cloud strategies, and IaC tools."
What is cloud cost management?,"Monitoring and optimizing cloud resource usage to reduce expenses."
What are ways to optimize cloud costs?,"Right-sizing instances, using reserved/spot instances, deleting unused resources, monitoring usage."
What is cloud governance?,"Policies and controls to manage resources, costs, compliance, and security."
What is cloud audit?,"Reviewing cloud operations, security, and compliance against standards."
What is cloud compliance framework?,"Set of rules and best practices to meet regulatory and industry requirements."
What is SOC 2 in cloud?,"Security, Availability, Processing Integrity, Confidentiality, Privacy compliance standard."
What is cloud-native security?,"Designing applications and infrastructure with security built-in for cloud environments."
What is zero trust security in cloud?,"Security model where no user or device is trusted by default."
What is cloud penetration testing?,"Testing cloud systems for vulnerabilities and weaknesses."
What is cloud incident response?,"Process to detect, respond, and recover from security incidents in cloud."
What is cloud disaster recovery planning?,"Preparing strategies to restore applications and data after disruptions."
What is RPO in cloud?,"Recovery Point Objective – maximum acceptable data loss in case of disaster."
What is RTO in cloud?,"Recovery Time Objective – maximum acceptable downtime after disaster."
What is cloud monitoring tools?,"Tools to track performance, availability, and health of cloud resources (e.g., CloudWatch, Stackdriver)."
What is cloud logging tools?,"Tools to collect, analyze, and visualize logs (e.g., ELK Stack, CloudTrail)."
What is cloud alerting?,"Notifications triggered when certain conditions or thresholds are met."
What is auto-remediation?,"Automatically fixing issues detected in cloud infrastructure."
What is blue-green deployment in real-world?,"Reducing downtime and risk by running two identical environments and switching traffic."
What is canary deployment in real-world?,"Testing new versions with a small group of users before full release."
What is rolling deployment in real-world?,"Gradually updating instances to minimize disruption."
What is immutable infrastructure in practice?,"Replacing servers or containers instead of updating them in-place."
What is container orchestration?,"Managing deployment, scaling, and operation of containers automatically (e.g., Kubernetes)."
What is cloud-native application in practice?,"Application designed for cloud with microservices, containers, and automated deployment."
What is microservices debugging in cloud?,"Tracing issues across multiple small services using logging and distributed tracing."
What is distributed tracing?,"Tracking requests across multiple services to identify performance bottlenecks."
What is service mesh in real-world?,"Manages service-to-service communication, security, and observability (e.g., Istio)."
What is CI/CD troubleshooting?,"Identifying failures in automated build, test, or deployment pipelines."
What is Infrastructure as Code (IaC) debugging?,"Resolving issues in code-managed cloud infrastructure (e.g., Terraform errors)."
What is serverless debugging?,"Monitoring and analyzing logs and metrics for FaaS applications."
What is cloud scaling issue?,"When applications cannot scale to meet demand due to misconfiguration or resource limits."
What is cloud networking troubleshooting?,"Resolving connectivity, routing, firewall, and VPC issues."
What is hybrid cloud connectivity issue?,"Problems connecting on-premise systems to public cloud resources securely."
What is VPN in cloud?,"Virtual Private Network for secure communication between networks and cloud."
What is direct connect or dedicated connection?,"Private network link between on-premises and cloud provider for low-latency and high bandwidth."
What is cloud latency troubleshooting?,"Analyzing network, compute, and storage delays to improve performance."
What is cloud load testing?,"Simulating high traffic to test application performance and scaling behavior."
What is cloud cost anomaly detection?,"Identifying unusual spikes in cloud spending using monitoring tools."
What is tagging strategy in cloud?,"Organizing resources with consistent tags for cost allocation, governance, and management."
What is cloud resource right-sizing?,"Adjusting instance types and sizes to match workload requirements and reduce cost."
What is reserved instance vs on-demand?,"Reserved: pre-purchased for a period at discount; On-demand: pay as you use."
What is spot instance usage strategy?,"Running flexible workloads at discounted pricing using unused capacity."
What is multi-region deployment?,"Deploying resources across regions for disaster recovery and low latency."
What is active-active deployment?,"Running application simultaneously in multiple locations for high availability."
What is active-passive deployment?,"Primary location handles traffic; secondary acts as failover."
What is cloud certification importance?,"Validates knowledge and skills for cloud platforms and practices."
Popular cloud certifications?,"AWS Certified Solutions Architect, Azure Solutions Architect Expert, Google Cloud Professional Cloud Architect."
What is cloud-native design pattern?,"Best practices for designing scalable, resilient, and manageable cloud applications."
What is retry pattern in cloud?,"Automatically retrying failed requests to improve reliability."
What is circuit breaker pattern?,"Preventing repeated requests to a failing service to avoid cascading failures."
What is bulkhead pattern?,"Isolating components to prevent failure in one part affecting others."
What is observer pattern in cloud?,"Monitoring and notifying services about changes in state or events."
What is sidecar pattern?,"Deploying helper containers alongside main application containers for logging, monitoring, or networking."
What is cloud governance framework?,"Policies, processes, and controls for managing cloud resources effectively."
What is cloud resource lifecycle management?,"Managing provisioning, usage, and decommissioning of cloud resources."
What is cloud audit logging?,"Tracking user and system actions to ensure compliance and troubleshooting."
What is cloud service catalog?,"List of approved cloud services and configurations for users."
What is cloud SLA violation handling?,"Process to detect and respond to breaches in agreed service levels."
What is cloud disaster recovery testing?,"Simulating failures to ensure recovery processes work correctly."
What is cloud backup strategy?,"Regularly backing up data to secure, redundant locations."
What is cloud failover testing?,"Validating automatic switch to standby systems during failures."
What is cloud network security best practice?,"Use firewalls, segmentation, encryption, and monitoring for protection."
What is cloud identity federation?,"Allowing users to access multiple systems using a single identity provider."
What is cloud workload migration strategy?,"Planning and executing movement of applications and data to cloud efficiently."
What is hybrid cloud management tool?,"Software for managing workloads across private and public clouds (e.g., VMware vRealize)."
What is multi-cloud monitoring tool?,"Platform to monitor performance and health across multiple cloud providers."
What is cloud capacity planning?,"Estimating future resource needs to meet demand efficiently."
What is cloud service mesh observability?,"Monitoring communication between microservices in service mesh."
What is chaos engineering in cloud?,"Deliberately introducing failures to test resilience of cloud systems."
What is cloud troubleshooting checklist?,"Steps including monitoring metrics, logs, network, scaling, dependencies, and security."
What is cloud cost reporting?,"Detailed reporting of cloud resource usage and expenses."
What is cloud anomaly detection?,"Identifying unusual behavior or performance issues automatically."
What is cloud deployment pipeline?,"Automated process to build, test, and deploy applications."
What is cloud CI/CD failure handling?,"Detecting and rolling back failed deployments or builds."
What is cloud backup vs snapshot?,"Backup: full copy for recovery; Snapshot: point-in-time copy of disk or volume."
What is cloud observability stack?,"Tools for metrics, logs, tracing, and visualization (e.g., Prometheus, Grafana)."
What is cloud high availability design?,"Redundant infrastructure, auto-scaling, failover, and multi-region deployments."

#Devops
Question,Answer
What is DevOps?,"DevOps is a set of practices that combines software development (Dev) and IT operations (Ops) to shorten the development lifecycle and deliver high-quality software continuously."
What are key benefits of DevOps?,"Faster delivery, improved collaboration, continuous feedback, higher quality, and reduced risk."
What are the main components of DevOps?,"Continuous Integration, Continuous Delivery/Deployment, Infrastructure as Code, Monitoring, Collaboration, and Automation."
What is Continuous Integration (CI)?,"CI is the practice of automatically building and testing code every time a developer commits changes."
What is Continuous Delivery (CD)?,"CD is the practice of automatically preparing code changes for release to production."
What is Continuous Deployment?,"Continuous Deployment is automatically releasing every successful change to production."
What is the difference between Continuous Delivery and Continuous Deployment?,"Continuous Delivery prepares changes for release, while Continuous Deployment automatically releases them."
What is Infrastructure as Code (IaC)?,"IaC is managing infrastructure using code and automation rather than manual processes."
What are popular IaC tools?,"Terraform, Ansible, AWS CloudFormation, Puppet, Chef."
What is configuration management in DevOps?,"Managing and maintaining system configurations in a consistent, automated way."
What is the difference between CI/CD pipeline and workflow?,"Pipeline is automated steps to build, test, and deploy code; workflow is the broader sequence of tasks including manual approvals."
What is version control?,"A system that tracks changes to code and files over time."
What are popular version control systems?,"Git, SVN, Mercurial."
What is Git?,"Distributed version control system for tracking code changes."
What is branching in Git?,"Creating separate code lines to work independently without affecting main code."
What is merging in Git?,"Combining code from different branches into a single branch."
What is a pull request?,"Request to merge code changes from one branch into another with review."
What is code repository?,"Central location where code is stored and managed, e.g., GitHub, GitLab."
What is artifact in DevOps?,"Compiled output of code, such as binaries, Docker images, or packages."
What is artifact repository?,"Storage for artifacts for sharing and deployment, e.g., JFrog Artifactory, Nexus."
What is build automation?,"Automating compilation, packaging, and testing of code."
What is a build tool?,"Software that automates building of code, e.g., Maven, Gradle, Ant."
What is Jenkins?,"Open-source automation server used for CI/CD pipelines."
What is GitLab CI/CD?,"Built-in CI/CD tool in GitLab for automated build, test, and deployment."
What is Bamboo?,"CI/CD server by Atlassian for automating software delivery."
What is CircleCI?,"Cloud-based CI/CD tool for automating development workflows."
What is Travis CI?,"Hosted CI/CD service integrated with GitHub for building and testing projects."
What is automated testing in DevOps?,"Testing code automatically using scripts or frameworks to detect bugs early."
What is unit testing?,"Testing individual components or functions of code."
What is integration testing?,"Testing interaction between multiple components or systems."
What is functional testing?,"Validating application behavior against requirements."
What is regression testing?,"Testing to ensure new code does not break existing functionality."
What is test automation framework?,"Structure and guidelines for automating tests consistently."
What is Docker?,"Platform to build, ship, and run applications in containers."
What is containerization?,"Packaging application and dependencies into isolated containers for portability."
What is Dockerfile?,"Script defining steps to build a Docker image."
What is Docker image?,"Read-only template used to create Docker containers."
What is Docker container?,"Runtime instance of a Docker image."
What is Docker Compose?,"Tool to define and manage multi-container Docker applications."
What is Kubernetes (K8s)?,"Container orchestration platform for automating deployment, scaling, and management of containers."
What is a pod in Kubernetes?,"Smallest deployable unit in Kubernetes containing one or more containers."
What is a deployment in Kubernetes?,"Manages replica sets to ensure desired number of pod instances."
What is a service in Kubernetes?,"Defines access policies to pods for networking and load balancing."
What is ConfigMap in Kubernetes?,"Object to store configuration data separately from container images."
What is Secret in Kubernetes?,"Object to store sensitive data such as passwords and API keys."
What is Helm?,"Package manager for Kubernetes to simplify application deployment."
What is Prometheus?,"Open-source monitoring and alerting toolkit for systems and services."
What is Grafana?,"Visualization tool for metrics and dashboards from Prometheus and other sources."
What is ELK Stack?,"Elasticsearch, Logstash, Kibana – used for logging, storing, and visualizing logs."
What is monitoring in DevOps?,"Tracking system health, performance, and availability of applications and infrastructure."
What is alerting in DevOps?,"Notifying teams when metrics exceed thresholds or issues occur."
What is incident management?,"Process of detecting, responding, and resolving operational incidents."
What is rollback strategy?,"Reverting an application to a previous working state after a failed deployment."
What is blue-green deployment?,"Deploying new version alongside old version and switching traffic gradually."
What is canary deployment?,"Releasing new changes to a small subset of users before full rollout."
What is rolling deployment?,"Gradually updating instances to new version without downtime."
What is configuration drift?,"Unintended differences in system configuration between environments."
What is continuous feedback in DevOps?,"Collecting real-time feedback from monitoring, testing, and users to improve software."
What is collaboration in DevOps?,"Integration of development, operations, and QA teams for better communication and efficiency."
What is versioning strategy?,"Organizing code releases using semantic versioning or other schemes."
What is semantic versioning?,"Versioning format: MAJOR.MINOR.PATCH indicating changes and compatibility."
What is artifact promotion?,"Moving tested artifacts from dev to QA to production in pipeline."
What is code quality tool?,"Tool to analyze code for maintainability, bugs, and security issues, e.g., SonarQube."
What is static code analysis?,"Analyzing code without executing it to find errors or vulnerabilities."
What is dynamic code analysis?,"Analyzing running code to detect runtime issues."
What is DevSecOps?,"Integrating security practices into DevOps pipelines."
What is shift-left testing?,"Performing testing earlier in the development lifecycle to detect defects sooner."
What is immutable infrastructure?,"Servers or resources that are never modified after deployment; replaced entirely if changes occur."
What is IaC idempotency?,"Applying the same code multiple times produces the same environment state."
What is cloud provisioning in DevOps?,"Automatically creating and managing cloud resources using scripts and tools."
What is automated rollback in DevOps?,"Automatically reverting deployments when failures are detected."
What is dependency management?,"Managing external libraries or packages required by an application."
What is package manager?,"Tool to install, update, and manage software dependencies, e.g., npm, pip, Maven."
What is log management in DevOps?,"Collecting, storing, and analyzing logs from applications and infrastructure."
What is performance monitoring?,"Tracking application response times, throughput, and system resource usage."
What is capacity planning?,"Estimating future system resource needs based on trends and workloads."
What is DevOps maturity model?,"Framework to assess and improve DevOps adoption and practices."
What is GitOps?,"Using Git as the source of truth for infrastructure and application deployment."
What is branching strategy in DevOps?,"Organizing code branches using Git Flow, GitHub Flow, or trunk-based development."
What is trunk-based development?,"Developers integrate small, frequent changes into a single main branch."
What is rollback vs rollforward?,"Rollback: revert to previous version; Rollforward: fix issues in current version and continue."
What is deployment pipeline?,"Automated sequence of steps to build, test, and deploy software."
What is quality gate in DevOps?,"Criteria that code or artifacts must pass before moving to the next stage."
What is automated build?,"Compiling and packaging code automatically in pipeline."
What is cloud-native DevOps?,"Applying DevOps practices to cloud-based applications and infrastructure."
What is observability in DevOps?,"Ability to understand system behavior from metrics, logs, and traces."
What is incident response automation?,"Automating steps to detect, notify, and resolve operational issues."
What is DevOps culture?,"Collaboration, communication, automation, and continuous improvement mindset."

Question,Answer
What is Terraform?,"Open-source IaC tool for provisioning and managing cloud infrastructure declaratively."
What is a Terraform provider?,"Plugin that allows Terraform to interact with cloud services or APIs."
What is Terraform state file?,"File that tracks the current state of infrastructure managed by Terraform."
What is Terraform plan?,"Command to preview changes before applying them to infrastructure."
What is Terraform apply?,"Command to implement infrastructure changes defined in code."
What is Terraform module?,"Reusable block of Terraform code to manage resources efficiently."
What is Ansible?,"Automation tool for configuration management, application deployment, and orchestration."
What is Ansible playbook?,"YAML file describing automation tasks for systems or applications."
What is Ansible inventory?,"File listing managed nodes (hosts) and their details for automation."
What is Ansible role?,"Reusable automation configuration grouping tasks, variables, and files."
What is Puppet?,"Configuration management tool that automates provisioning and management of infrastructure."
What is Chef?,"Automation platform for managing infrastructure as code using recipes and cookbooks."
What is Jenkins pipeline?,"Script defining CI/CD process including build, test, and deploy stages."
What is declarative vs scripted pipeline in Jenkins?,"Declarative: predefined syntax for pipeline; Scripted: custom code using Groovy."
What is ArgoCD?,"Continuous Delivery tool for Kubernetes using GitOps principles."
What is GitOps?,"Managing infrastructure and applications declaratively using Git as source of truth."
What is AWS DevOps?,"Using AWS services and tools to implement DevOps practices."
What is Azure DevOps?,"Microsoft platform providing CI/CD, repositories, testing, and project management tools."
What is GCP DevOps?,"Google Cloud DevOps services for CI/CD, monitoring, and automation."
What is container registry?,"Repository for storing and managing container images, e.g., Docker Hub, ECR."
What is Kubernetes namespace?,"Logical partition in Kubernetes to organize resources."
What is Kubernetes ingress controller?,"Manages external access to services in a Kubernetes cluster."
What is Helm chart?,"Package of pre-configured Kubernetes resources for deployment."
What is automated rollback in pipeline?,"Automatically reverting deployments when a failure is detected."
What is pipeline as code?,"Defining CI/CD pipelines in version-controlled code files."
What is Jenkinsfile?,"File defining Jenkins pipeline as code using declarative or scripted syntax."
What is artifact promotion in CI/CD?,"Moving tested artifacts through environments towards production deployment."
What is continuous testing in DevOps?,"Automated testing integrated into CI/CD pipeline for faster feedback."
What is canary analysis in DevOps?,"Monitoring new deployments in small subset before full rollout."
What is feature flag?,"Toggle to enable or disable functionality without deploying new code."
What is environment provisioning?,"Creating and configuring infrastructure for development, testing, or production."
What is drift detection in IaC?,"Identifying differences between desired and actual infrastructure state."
What is immutable deployment in DevOps?,"Replacing entire infrastructure or containers instead of modifying them."
What is blue-green deployment in Kubernetes?,"Running two environments and switching traffic from old to new version."
What is rolling update in Kubernetes?,"Updating pods incrementally to new version to avoid downtime."
What is automated testing frameworks in DevOps?,"Tools and scripts for unit, integration, and end-to-end tests (e.g., JUnit, Selenium)."
What is pipeline monitoring?,"Tracking execution, failures, and performance of CI/CD pipelines."
What is log aggregation in DevOps?,"Collecting logs from multiple sources into a central system for analysis."
What is centralized logging?,"Storing logs in one place for monitoring and troubleshooting."
What is observability vs monitoring?,"Monitoring: tracking known metrics; Observability: understanding system behavior from metrics, logs, traces."
What is distributed tracing?,"Tracking requests across multiple services to identify performance issues."
What is Prometheus alerting?,"Configuring rules to send alerts when metrics exceed thresholds."
What is Grafana dashboard?,"Visual representation of metrics and logs for monitoring systems."
What is secret management in DevOps?,"Storing and managing sensitive information like passwords, keys, and tokens securely."
What is HashiCorp Vault?,"Tool for managing secrets and protecting sensitive data."
What is CI/CD pipeline optimization?,"Improving speed, reliability, and efficiency of build, test, and deploy processes."
What is artifact versioning?,"Tracking different versions of build outputs for deployment and rollback."
What is dependency scanning?,"Analyzing code dependencies for vulnerabilities or outdated libraries."
What is security scanning in CI/CD?,"Automatically checking code, containers, and artifacts for security vulnerabilities."
What is container security?,"Protecting container images and runtime environments from vulnerabilities."
What is DevSecOps?,"Integrating security practices into DevOps pipelines and culture."
What is shift-left security?,"Implementing security early in the development lifecycle."
What is chaos engineering?,"Deliberately introducing failures to test system resilience and recovery."
What is incident management in DevOps?,"Detecting, responding, and resolving operational issues."
What is root cause analysis (RCA)?,"Investigating the primary cause of incidents or failures."
What is post-mortem analysis?,"Documenting incidents, their impact, and lessons learned to prevent recurrence."
What is capacity planning in DevOps?,"Estimating and allocating resources to handle current and future workloads."
What is cost optimization in cloud DevOps?,"Reducing cloud spending using right-sizing, reserved instances, and auto-scaling."
What is auto-scaling in cloud?,"Automatically adjusting compute resources based on load or performance metrics."
What is horizontal scaling?,"Adding more instances to distribute load."
What is vertical scaling?,"Increasing resources (CPU, RAM) of existing instance."
What is serverless DevOps?,"Applying DevOps practices to serverless functions and applications."
What is AWS Lambda?,"Serverless compute service executing code in response to events."
What is Azure Functions?,"Serverless compute platform for running small pieces of code in the cloud."
What is Google Cloud Functions?,"Event-driven serverless compute service for running functions."
What is cloud-native CI/CD?,"Implementing CI/CD pipelines optimized for cloud platforms and resources."
What is pipeline as a service?,"Cloud-based service providing CI/CD pipelines without infrastructure management."
What is rollback strategy in DevOps?,"Plan to revert changes when a deployment or release fails."
What is canary deployment monitoring?,"Tracking performance and errors during limited release before full rollout."
What is observability stack in DevOps?,"Tools for metrics, logs, traces, and visualization to understand system behavior."
What is automated provisioning?,"Automatically creating and configuring infrastructure using scripts or IaC."
What is self-healing infrastructure?,"Infrastructure that automatically detects and corrects failures without manual intervention."
What is GitOps workflow?,"Using Git repository as source of truth for deploying and managing infrastructure."
What is feature branch workflow?,"Developing new features in isolated branches before merging to main branch."
What is trunk-based development?,"Frequent commits to main branch with small, incremental changes."
What is environment parity?,"Keeping development, testing, and production environments as similar as possible."
What is deployment automation?,"Automating the process of moving code and configurations to different environments."
What is rollback vs rollforward?,"Rollback: revert to previous stable version; Rollforward: fix issues in current version and continue."
What is service mesh in DevOps?,"Infrastructure layer for managing communication, security, and monitoring of microservices."
What is observability-driven development?,"Building applications with monitoring, logging, and tracing integrated from the start."
What is pipeline as code best practice?,"Keeping pipeline definitions version-controlled, modular, and reusable."
What is end-to-end testing in DevOps?,"Validating the complete workflow of an application from user interface to backend services."
What is continuous feedback loop in DevOps?,"Collecting real-time feedback from monitoring, testing, and users to improve software."
What is DevOps maturity assessment?,"Evaluating the level of DevOps adoption, automation, and culture in an organization."

Question,Answer
What is a CI/CD failure scenario?,"A situation where the pipeline fails due to build errors, test failures, or deployment issues."
How do you troubleshoot a failed build?,"Check logs, validate dependencies, verify code changes, and rerun the pipeline."
How do you handle failed deployments in production?,"Implement rollback or rollforward strategies, notify stakeholders, and perform root cause analysis."
What is a broken pipeline?,"A pipeline that cannot successfully complete due to configuration, code, or dependency issues."
How do you debug Docker container issues?,"Check container logs, verify image configuration, inspect network settings, and test locally."
How do you monitor Kubernetes deployments?,"Use tools like Prometheus, Grafana, and Kubernetes dashboard to track pod health and metrics."
What is pod failure in Kubernetes?,"When a pod stops running due to container crash, image pull failure, or misconfiguration."
How do you handle pod crashes?,"Inspect logs, restart pods, check resource limits, and update configurations if needed."
How do you troubleshoot slow deployments?,"Check pipeline stages, network latency, resource limits, and container startup times."
How do you optimize CI/CD pipeline speed?,"Parallelize stages, use caching, reduce unnecessary tests, and optimize scripts."
What is a flaky test?,"A test that sometimes passes and sometimes fails without code changes."
How do you handle flaky tests?,"Identify root cause, isolate dependencies, and stabilize test environment or rewrite the test."
What is pipeline bottleneck?,"Stage or process that slows down the entire CI/CD pipeline."
How do you identify bottlenecks in CI/CD?,"Analyze pipeline logs, measure stage durations, and monitor resource usage."
How do you implement zero-downtime deployment?,"Use blue-green, canary, or rolling deployment strategies."
What is rollback plan testing?,"Validating the procedure to revert deployments safely before production release."
What is infrastructure drift?,"Difference between declared IaC configuration and actual deployed infrastructure."
How do you detect infrastructure drift?,"Use IaC tools' plan/apply commands or drift detection features."
How do you handle configuration drift?,"Apply IaC scripts to sync infrastructure and enforce consistency."
What is container resource limit issue?,"Pods or containers exceeding CPU/memory limits causing crashes or throttling."
How do you resolve container resource issues?,"Adjust resource requests and limits, optimize container workload, and monitor usage."
What is CI/CD pipeline security issue?,"Security vulnerabilities in pipeline scripts, dependencies, or artifact storage."
How do you secure CI/CD pipelines?,"Use secrets management, role-based access, dependency scanning, and code reviews."
What is secrets leakage in DevOps?,"Exposing passwords, tokens, or keys in code or logs."
How do you prevent secrets leakage?,"Use secret management tools, environment variables, and encrypted storage."
What is microservice communication failure?,"One service cannot communicate with another due to network or configuration issues."
How do you debug microservice failures?,"Check service logs, network policies, DNS resolution, and health endpoints."
What is deployment rollback vs redeployment?,"Rollback: revert to previous version; Redeployment: deploy new fixed version."
How do you handle database migration in CI/CD?,"Use migration scripts, version control, and run in controlled environments."
What is canary analysis failure?,"Monitoring detects high error rates or performance degradation in canary release."
How do you respond to canary failure?,"Rollback the release, analyze metrics, fix issues, and redeploy."
What is pipeline artifact corruption?,"Artifacts are damaged or incomplete causing build/deploy failures."
How do you handle corrupted artifacts?,"Rebuild artifacts, verify checksums, and use reliable artifact storage."
What is cloud resource limit issue?,"Exceeding quotas in cloud provider causing failed deployments or scaling."
How do you resolve cloud resource limits?,"Request quota increase, optimize resource usage, and scale efficiently."
What is Kubernetes node failure?,"Node goes down affecting running pods and workloads."
How do you handle node failures?,"Ensure proper replica count, use auto-scaling, and monitor node health."
What is network policy misconfiguration in Kubernetes?,"Incorrect rules blocking pod-to-pod or external traffic."
How do you debug network policy issues?,"Check policy definitions, pod labels, and network plugin logs."
What is persistent volume claim issue?,"Pods cannot mount required storage volumes due to misconfiguration."
How do you resolve PVC issues?,"Check storage class, ensure volume availability, and verify access rights."
What is CI/CD dependency failure?,"Pipeline stage fails due to missing or incompatible dependencies."
How do you fix dependency failures?,"Update versions, resolve conflicts, and cache dependencies properly."
What is test environment mismatch?,"Tests fail because environment differs from production or dev."
How do you handle environment mismatch?,"Use containers, IaC, and environment parity best practices."
What is pipeline approval delay?,"Manual approvals cause slow deployment in CI/CD."
How do you streamline approvals?,"Automate approvals with policies or reduce unnecessary manual steps."
What is container image version conflict?,"Deployment uses wrong image version causing failures."
How do you manage image versions?,"Use tags, versioning, and enforce image promotion policies."
What is service mesh misconfiguration?,"Service-to-service communication fails due to incorrect mesh settings."
How do you debug service mesh issues?,"Check sidecar proxies, routing rules, and mesh control plane logs."
What is load balancer misrouting?,"Traffic is sent to wrong backend or fails."
How do you resolve load balancer issues?,"Check target group configuration, health checks, and DNS settings."
What is CI/CD pipeline rollback strategy?,"Predefined procedure to revert deployments safely on failure."
How do you implement automated rollback?,"Use pipeline scripts to detect failure and redeploy previous stable artifacts."
What is container startup probe failure?,"Container fails health checks and is restarted."
How do you fix startup probe issues?,"Check container configuration, application readiness, and dependencies."
What is Kubernetes pod eviction?,"Pod removed due to resource pressure, node maintenance, or policy violation."
How do you prevent pod eviction?,"Set proper resource requests/limits and taints/tolerations."
What is CI/CD pipeline failure notification?,"Alerting mechanism to notify team when a pipeline fails."
How do you configure notifications?,"Integrate pipeline with email, Slack, or monitoring tools."
What is pipeline artifact promotion failure?,"Artifacts fail to move from one environment to another."
How do you troubleshoot promotion failures?,"Check repository access, versioning, and integrity of artifacts."
What is container registry authentication issue?,"Pods cannot pull images due to credentials problems."
How do you fix registry auth issues?,"Update secrets, check service accounts, and verify registry access."
What is Kubernetes cluster autoscaler issue?,"Cluster does not scale automatically based on workload."
How do you fix autoscaler issues?,"Verify metrics, permissions, and node group configurations."
What is failed IaC apply?,"Terraform/Ansible/Puppet fails to provision resources."
How do you troubleshoot IaC apply failures?,"Check code syntax, provider configuration, and existing resource conflicts."
What is monitoring alert fatigue?,"Too many unnecessary alerts causing teams to ignore critical issues."
How do you reduce alert fatigue?,"Fine-tune thresholds, combine alerts, and prioritize critical events."
What is DevOps post-mortem?,"Analysis of incidents or failures to prevent recurrence and improve processes."
What is cross-team incident coordination?,"Collaboration between Dev, Ops, and QA to resolve issues efficiently."
What is service dependency failure?,"One service failure causes cascading failures in dependent services."
How do you mitigate dependency failures?,"Use retries, circuit breakers, bulkheads, and failover strategies."
What is pipeline security vulnerability?,"Weakness in CI/CD scripts or artifact storage that could be exploited."
How do you secure pipelines?,"Use secrets management, access control, dependency scanning, and code review."
What is disaster recovery scenario in DevOps?,"Planning for recovery from system failure, data loss, or disaster."
How do you implement DR in DevOps?,"Backups, replication, failover, and automated recovery scripts."
What is cloud cost spike?,"Unexpected increase in cloud usage or resource consumption."
How do you investigate cost spikes?,"Analyze usage metrics, audit resource provisioning, and check auto-scaling events."
What is environment rollback issue?,"Rollback fails due to missing dependencies or state mismatch."
How do you handle rollback failures?,"Validate rollback scripts, ensure state consistency, and test in staging first."
What is CI/CD pipeline visibility issue?,"Lack of clear logs, metrics, or dashboards for pipeline monitoring."
How do you improve pipeline visibility?,"Enable detailed logs, integrate dashboards, and use monitoring tools."
What is configuration secret rotation?,"Updating and replacing secrets periodically to enhance security."
How do you automate secret rotation?,"Use tools like Vault, AWS Secrets Manager, or Azure Key Vault."
What is Kubernetes upgrade issue?,"Cluster upgrade causes pods to fail or API incompatibility."
How do you handle K8s upgrades?,"Test upgrades in staging, update manifests, and follow version compatibility."
What is container image vulnerability?,"Security flaws in container images that could be exploited."
How do you mitigate container vulnerabilities?,"Scan images, apply updates, and use minimal base images."

Question,Answer
What is multi-cloud DevOps?,"Implementing DevOps practices across multiple cloud providers to avoid vendor lock-in and ensure redundancy."
What are challenges of multi-cloud DevOps?,"Complexity in management, differences in APIs, security, networking, and monitoring."
How do you manage multi-cloud pipelines?,"Use IaC, GitOps, and CI/CD tools that support multiple cloud platforms."
What is cloud-native DevOps?,"Applying DevOps practices to cloud-first or cloud-optimized applications."
What is DevOps in serverless environment?,"Applying CI/CD, monitoring, and automation to serverless functions like AWS Lambda or Azure Functions."
What is serverless deployment strategy?,"Automating packaging, testing, and deployment of functions with minimal downtime."
What is DevOps observability in cloud?,"Monitoring and understanding applications using logs, metrics, and traces in cloud environments."
What is chaos testing in cloud?,"Introducing controlled failures to validate resilience of cloud applications and infrastructure."
What is cloud incident response in DevOps?,"Planning, detecting, and resolving cloud-related incidents efficiently."
What is rollback strategy for multi-region deployment?,"Reverting changes in all regions to previous stable state to maintain consistency."
What is canary deployment in multi-region setup?,"Releasing new changes to a small percentage of users in each region before full rollout."
What is CI/CD pipeline for microservices?,"Automated build, test, and deployment for multiple independent services."
What is pipeline orchestration in DevOps?,"Coordinating multiple pipelines, stages, and dependencies for smooth deployments."
What is dependency hell in DevOps?,"Problems arising from conflicting or complex dependencies between services or libraries."
How do you resolve dependency hell?,"Use version pinning, containerization, and automated dependency management tools."
What is rollback in containerized environment?,"Reverting containers to previous stable images using orchestration tools like Kubernetes."
What is DevOps alert escalation?,"Process of notifying higher-level engineers if issues persist after initial alerts."
What is configuration drift in cloud?,"Deviation of cloud resources from intended configuration due to manual changes or errors."
How do you detect and fix configuration drift?,"Use IaC tools, monitoring, and automated remediation scripts."
What is automated testing in cloud-native applications?,"Running unit, integration, and e2e tests automatically in cloud environments."
What is security scanning in pipelines?,"Automated detection of vulnerabilities in code, containers, or dependencies during CI/CD."
What is container image scanning?,"Analyzing container images for security flaws, outdated packages, and compliance."
What is secret injection in pipelines?,"Providing sensitive credentials to build or deployment environments securely."
What is GitOps workflow for Kubernetes?,"Managing cluster configuration and applications declaratively via Git repository."
What is Helm-based deployment?,"Using Helm charts to package, configure, and deploy Kubernetes applications."
What is Kubernetes rollout strategy?,"Plan to deploy new versions with minimal downtime using rolling or canary updates."
What is pipeline retry mechanism?,"Automatically re-executing failed stages or jobs in a CI/CD pipeline."
What is auto-scaling issue in Kubernetes?,"Pods not scaling due to misconfigured HPA or insufficient resources."
How do you troubleshoot Kubernetes auto-scaling?,"Check HPA configuration, metrics server, resource requests, and node availability."
What is container orchestration troubleshooting?,"Debugging deployment, scaling, networking, and health issues in orchestrated containers."
What is service discovery failure in Kubernetes?,"Pods cannot find other services due to DNS, label, or network issues."
How do you fix service discovery issues?,"Check service names, labels, DNS resolution, and network policies."
What is pipeline artifact promotion failure?,"Artifacts fail to move between environments due to permissions or version mismatch."
How do you resolve artifact promotion issues?,"Verify repository access, artifact integrity, and promotion scripts."
What is CI/CD pipeline versioning?,"Managing different versions of pipeline scripts for reproducibility and rollback."
What is rollback testing in DevOps?,"Validating rollback procedures in a staging or pre-production environment."
What is multi-stage pipeline?,"Pipeline with multiple stages such as build, test, deploy, and monitor for better control."
What is pipeline environment isolation?,"Separating environments (dev, QA, staging, prod) to prevent conflicts."
What is immutable container deployment?,"Deploying new container images without modifying existing ones for consistency and stability."
What is chaos engineering in production?,"Introducing controlled failures in production to test system resilience."
What is incident post-mortem in DevOps?,"Detailed analysis of failures to learn and prevent recurrence."
What is DevOps risk management?,"Identifying, assessing, and mitigating risks in deployment, security, and operations."
What is pipeline secret rotation?,"Updating credentials used in CI/CD pipelines regularly to enhance security."
What is environment parity in DevOps?,"Ensuring all environments (dev, staging, prod) are consistent to avoid surprises."
What is automated remediation in cloud?,"Scripts or tools that automatically fix detected issues in cloud infrastructure."
What is deployment freeze period?,"Time window where deployments are restricted to avoid issues during critical periods."
What is rollback vs rollback-and-fix?,"Rollback: revert to previous stable version; Rollback-and-fix: revert and fix issues before redeploying."
What is distributed tracing in DevOps?,"Tracking requests across microservices to analyze performance and errors."
What is observability-driven troubleshooting?,"Using metrics, logs, and traces to diagnose and fix production issues."
What is pipeline bottleneck detection?,"Identifying slow or failing stages in CI/CD pipelines."
How do you optimize pipeline performance?,"Parallel execution, caching, minimizing heavy tests, and resource optimization."
What is multi-cloud monitoring?,"Tracking applications and resources across multiple cloud providers."
What is DevOps capacity planning?,"Estimating future resource requirements to maintain performance and availability."
What is automated disaster recovery testing?,"Simulating failures to validate recovery procedures automatically."
What is cross-team collaboration in DevOps?,"Coordinating between Dev, Ops, QA, and security teams for smooth operations."
What is post-deployment validation?,"Verifying that deployed changes work as expected in production."
What is pipeline rollback alerting?,"Notifying teams when an automatic rollback occurs in CI/CD."
What is Kubernetes cluster upgrade issue?,"Upgrade causes pods to fail or APIs to break due to incompatibility."
How do you handle Kubernetes upgrades safely?,"Test upgrades in staging, follow version compatibility, backup configurations, and upgrade incrementally."
What is container registry vulnerability?,"Security flaws in container images that could compromise applications."
How do you mitigate registry vulnerabilities?,"Scan images, use minimal base images, patch dependencies, and enforce policies."
What is infrastructure scaling limitation?,"Constraints in scaling compute, storage, or network resources due to quotas or design."
How do you resolve scaling limitations?,"Request quota increases, optimize resource usage, and design for horizontal scaling."
What is CI/CD pipeline rollback scenario?,"Pipeline fails, triggering automatic rollback to previous stable version."
What is secret injection failure?,"Secrets are not provided to build or deployment environment correctly."
How do you troubleshoot secret injection issues?,"Check credentials, environment variables, and secrets management tool configuration."
What is container startup failure?,"Container does not start due to missing dependencies, misconfiguration, or code errors."
How do you troubleshoot container startup failures?,"Check logs, verify configuration, and test container locally."
What is pod resource starvation?,"Pod cannot access enough CPU or memory causing slow or failed execution."
How do you handle pod resource starvation?,"Adjust resource requests/limits, optimize workload, and monitor usage."
What is rolling update failure in Kubernetes?,"New version rollout fails, causing pods to be unavailable or unhealthy."
How do you troubleshoot rolling update failures?,"Check pod logs, deployment strategy, readiness probes, and rollback if necessary."
What is CI/CD pipeline audit?,"Reviewing pipeline configurations, executions, and access for compliance and security."
What is automated rollback verification?,"Testing that rollback procedures successfully restore previous stable state."
What is container image tagging best practice?,"Use semantic versions, immutable tags, and avoid 'latest' for production images."
What is pipeline failure root cause analysis?,"Investigating logs, metrics, and configurations to identify why a CI/CD pipeline failed."
What is DevOps maturity improvement?,"Adopting automation, monitoring, collaboration, and security practices to advance DevOps adoption."

Question,Answer
What is multi-cloud DevOps?,"Implementing DevOps practices across multiple cloud providers to avoid vendor lock-in and ensure redundancy."
What are challenges of multi-cloud DevOps?,"Complexity in management, differences in APIs, security, networking, and monitoring."
How do you manage multi-cloud pipelines?,"Use IaC, GitOps, and CI/CD tools that support multiple cloud platforms."
What is cloud-native DevOps?,"Applying DevOps practices to cloud-first or cloud-optimized applications."
What is DevOps in serverless environment?,"Applying CI/CD, monitoring, and automation to serverless functions like AWS Lambda or Azure Functions."
What is serverless deployment strategy?,"Automating packaging, testing, and deployment of functions with minimal downtime."
What is DevOps observability in cloud?,"Monitoring and understanding applications using logs, metrics, and traces in cloud environments."
What is chaos testing in cloud?,"Introducing controlled failures to validate resilience of cloud applications and infrastructure."
What is cloud incident response in DevOps?,"Planning, detecting, and resolving cloud-related incidents efficiently."
What is rollback strategy for multi-region deployment?,"Reverting changes in all regions to previous stable state to maintain consistency."
What is canary deployment in multi-region setup?,"Releasing new changes to a small percentage of users in each region before full rollout."
What is CI/CD pipeline for microservices?,"Automated build, test, and deployment for multiple independent services."
What is pipeline orchestration in DevOps?,"Coordinating multiple pipelines, stages, and dependencies for smooth deployments."
What is dependency hell in DevOps?,"Problems arising from conflicting or complex dependencies between services or libraries."
How do you resolve dependency hell?,"Use version pinning, containerization, and automated dependency management tools."
What is rollback in containerized environment?,"Reverting containers to previous stable images using orchestration tools like Kubernetes."
What is DevOps alert escalation?,"Process of notifying higher-level engineers if issues persist after initial alerts."
What is configuration drift in cloud?,"Deviation of cloud resources from intended configuration due to manual changes or errors."
How do you detect and fix configuration drift?,"Use IaC tools, monitoring, and automated remediation scripts."
What is automated testing in cloud-native applications?,"Running unit, integration, and e2e tests automatically in cloud environments."
What is security scanning in pipelines?,"Automated detection of vulnerabilities in code, containers, or dependencies during CI/CD."
What is container image scanning?,"Analyzing container images for security flaws, outdated packages, and compliance."
What is secret injection in pipelines?,"Providing sensitive credentials to build or deployment environments securely."
What is GitOps workflow for Kubernetes?,"Managing cluster configuration and applications declaratively via Git repository."
What is Helm-based deployment?,"Using Helm charts to package, configure, and deploy Kubernetes applications."
What is Kubernetes rollout strategy?,"Plan to deploy new versions with minimal downtime using rolling or canary updates."
What is pipeline retry mechanism?,"Automatically re-executing failed stages or jobs in a CI/CD pipeline."
What is auto-scaling issue in Kubernetes?,"Pods not scaling due to misconfigured HPA or insufficient resources."
How do you troubleshoot Kubernetes auto-scaling?,"Check HPA configuration, metrics server, resource requests, and node availability."
What is container orchestration troubleshooting?,"Debugging deployment, scaling, networking, and health issues in orchestrated containers."
What is service discovery failure in Kubernetes?,"Pods cannot find other services due to DNS, label, or network issues."
How do you fix service discovery issues?,"Check service names, labels, DNS resolution, and network policies."
What is pipeline artifact promotion failure?,"Artifacts fail to move between environments due to permissions or version mismatch."
How do you resolve artifact promotion issues?,"Verify repository access, artifact integrity, and promotion scripts."
What is CI/CD pipeline versioning?,"Managing different versions of pipeline scripts for reproducibility and rollback."
What is rollback testing in DevOps?,"Validating rollback procedures in a staging or pre-production environment."
What is multi-stage pipeline?,"Pipeline with multiple stages such as build, test, deploy, and monitor for better control."
What is pipeline environment isolation?,"Separating environments (dev, QA, staging, prod) to prevent conflicts."
What is immutable container deployment?,"Deploying new container images without modifying existing ones for consistency and stability."
What is chaos engineering in production?,"Introducing controlled failures in production to test system resilience."
What is incident post-mortem in DevOps?,"Detailed analysis of failures to learn and prevent recurrence."
What is DevOps risk management?,"Identifying, assessing, and mitigating risks in deployment, security, and operations."
What is pipeline secret rotation?,"Updating credentials used in CI/CD pipelines regularly to enhance security."
What is environment parity in DevOps?,"Ensuring all environments (dev, staging, prod) are consistent to avoid surprises."
What is automated remediation in cloud?,"Scripts or tools that automatically fix detected issues in cloud infrastructure."
What is deployment freeze period?,"Time window where deployments are restricted to avoid issues during critical periods."
What is rollback vs rollback-and-fix?,"Rollback: revert to previous stable version; Rollback-and-fix: revert and fix issues before redeploying."
What is distributed tracing in DevOps?,"Tracking requests across microservices to analyze performance and errors."
What is observability-driven troubleshooting?,"Using metrics, logs, and traces to diagnose and fix production issues."
What is pipeline bottleneck detection?,"Identifying slow or failing stages in CI/CD pipelines."
How do you optimize pipeline performance?,"Parallel execution, caching, minimizing heavy tests, and resource optimization."
What is multi-cloud monitoring?,"Tracking applications and resources across multiple cloud providers."
What is DevOps capacity planning?,"Estimating future resource requirements to maintain performance and availability."
What is automated disaster recovery testing?,"Simulating failures to validate recovery procedures automatically."
What is cross-team collaboration in DevOps?,"Coordinating between Dev, Ops, QA, and security teams for smooth operations."
What is post-deployment validation?,"Verifying that deployed changes work as expected in production."
What is pipeline rollback alerting?,"Notifying teams when an automatic rollback occurs in CI/CD."
What is Kubernetes cluster upgrade issue?,"Upgrade causes pods to fail or APIs to break due to incompatibility."
How do you handle Kubernetes upgrades safely?,"Test upgrades in staging, follow version compatibility, backup configurations, and upgrade incrementally."
What is container registry vulnerability?,"Security flaws in container images that could compromise applications."
How do you mitigate registry vulnerabilities?,"Scan images, use minimal base images, patch dependencies, and enforce policies."
What is infrastructure scaling limitation?,"Constraints in scaling compute, storage, or network resources due to quotas or design."
How do you resolve scaling limitations?,"Request quota increases, optimize resource usage, and design for horizontal scaling."
What is CI/CD pipeline rollback scenario?,"Pipeline fails, triggering automatic rollback to previous stable version."
What is secret injection failure?,"Secrets are not provided to build or deployment environment correctly."
How do you troubleshoot secret injection issues?,"Check credentials, environment variables, and secrets management tool configuration."
What is container startup failure?,"Container does not start due to missing dependencies, misconfiguration, or code errors."
How do you troubleshoot container startup failures?,"Check logs, verify configuration, and test container locally."
What is pod resource starvation?,"Pod cannot access enough CPU or memory causing slow or failed execution."
How do you handle pod resource starvation?,"Adjust resource requests/limits, optimize workload, and monitor usage."
What is rolling update failure in Kubernetes?,"New version rollout fails, causing pods to be unavailable or unhealthy."
How do you troubleshoot rolling update failures?,"Check pod logs, deployment strategy, readiness probes, and rollback if necessary."
What is CI/CD pipeline audit?,"Reviewing pipeline configurations, executions, and access for compliance and security."
What is automated rollback verification?,"Testing that rollback procedures successfully restore previous stable state."
What is container image tagging best practice?,"Use semantic versions, immutable tags, and avoid 'latest' for production images."
What is pipeline failure root cause analysis?,"Investigating logs, metrics, and configurations to identify why a CI/CD pipeline failed."
What is DevOps maturity improvement?,"Adopting automation, monitoring, collaboration, and security practices to advance DevOps adoption."


#blockchain
Question,Answer
What is Blockchain?,"A distributed ledger technology where transactions are recorded in blocks linked and secured using cryptography."
What are the key features of Blockchain?,"Decentralization, immutability, transparency, security, and consensus-based validation."
What is a block in Blockchain?,"A container for storing transaction data, timestamp, and cryptographic hash of previous block."
What is a ledger in Blockchain?,"A record of all transactions maintained across multiple nodes in a network."
What is decentralization?,"Distribution of control and data across multiple nodes rather than a central authority."
What is immutability in Blockchain?,"Once data is recorded, it cannot be altered or deleted."
What is a hash function in Blockchain?,"A cryptographic function that converts input data into a fixed-length string of characters."
What is a digital signature?,"Cryptographic signature ensuring authenticity, integrity, and non-repudiation of transactions."
What is consensus in Blockchain?,"Mechanism used by nodes to agree on the validity of transactions and maintain a single version of the ledger."
What are types of consensus algorithms?,"Proof of Work (PoW), Proof of Stake (PoS), Delegated Proof of Stake (DPoS), Practical Byzantine Fault Tolerance (PBFT)."
What is Proof of Work (PoW)?,"Consensus mechanism where miners solve computational puzzles to validate transactions and add blocks."
What is Proof of Stake (PoS)?,"Consensus mechanism where validators are chosen based on the number of coins they hold and are willing to 'stake'."
What is Delegated Proof of Stake (DPoS)?,"A variant of PoS where stakeholders elect delegates to validate transactions and maintain the blockchain."
What is Practical Byzantine Fault Tolerance (PBFT)?,"Consensus algorithm designed to handle failures and malicious nodes in a distributed network."
What is mining in Blockchain?,"Process of validating transactions and adding new blocks to the blockchain by solving cryptographic puzzles."
What is a smart contract?,"Self-executing code on a blockchain that automatically enforces agreed-upon rules."
What is Ethereum?,"Blockchain platform supporting smart contracts and decentralized applications (DApps)."
What is Bitcoin?,"The first decentralized cryptocurrency using Blockchain technology for peer-to-peer transactions."
What is a cryptocurrency?,"Digital or virtual currency secured by cryptography and recorded on a blockchain."
What is token in Blockchain?,"Digital asset issued on a blockchain that represents value, ownership, or utility."
What is the difference between coin and token?,"Coin has its own blockchain (e.g., Bitcoin); token is built on another blockchain (e.g., ERC-20 tokens on Ethereum)."
What is a public blockchain?,"Blockchain where anyone can join, read, write, and validate transactions (e.g., Bitcoin, Ethereum)."
What is a private blockchain?,"Blockchain with restricted access, where only authorized participants can read or write data."
What is a consortium blockchain?,"Blockchain controlled by a group of organizations with shared control over transactions and consensus."
What is blockchain node?,"A computer participating in the blockchain network by maintaining a copy of the ledger and validating transactions."
What is full node vs light node?,"Full node stores complete blockchain and validates transactions; light node stores only headers and relies on full nodes."
What is blockchain fork?,"Splitting of blockchain into two separate chains due to software upgrades or disagreements."
What is hard fork vs soft fork?,"Hard fork: backward-incompatible change; Soft fork: backward-compatible change."
What is Merkle tree?,"Data structure used to efficiently and securely verify large datasets using hashes."
What is the role of Merkle root?,"The top hash of Merkle tree summarizing all transactions in a block for quick verification."
What is blockchain scalability?,"Ability of blockchain to handle increasing number of transactions efficiently."
What are solutions for blockchain scalability?,"Layer-2 solutions, sharding, sidechains, and improved consensus algorithms."
What is layer-2 solution?,"Secondary protocols built on top of blockchain to increase transaction throughput (e.g., Lightning Network)."
What is sharding in Blockchain?,"Dividing the blockchain network into smaller pieces (shards) to process transactions in parallel."
What is a sidechain?,"Separate blockchain connected to main chain allowing assets to move between chains."
What is transaction throughput in Blockchain?,"Number of transactions a blockchain can process per second (TPS)."
What is blockchain latency?,"Time taken to confirm a transaction on the blockchain."
What is double-spending?,"Risk where digital currency is spent more than once due to replication of transactions."
How is double-spending prevented?,"Using consensus mechanisms like PoW or PoS to validate transactions before adding to blockchain."
What is 51% attack?,"When a single entity controls more than 50% of network's mining/hash power, potentially altering transactions."
What is blockchain security?,"Protecting blockchain network and data against tampering, attacks, and unauthorized access."
What is cryptography in blockchain?,"Use of encryption and hashing to secure transactions and ensure authenticity."
What is asymmetric cryptography?,"Encryption method using public and private keys for secure communication and digital signatures."
What is public key vs private key?,"Public key encrypts data or verifies signature; private key decrypts or signs transactions."
What is wallet in blockchain?,"Digital application or device that stores cryptocurrency private keys and allows transactions."
What is hot wallet vs cold wallet?,"Hot wallet: connected to internet for active transactions; Cold wallet: offline storage for security."
What is decentralized application (DApp)?,"Application running on blockchain using smart contracts, not controlled by a single entity."
What is consensus finality?,"Point at which a transaction is considered irreversible and permanently recorded on blockchain."
What is gas fee in Ethereum?,"Cost of performing operations or transactions on Ethereum network, paid in ETH."
What is token standard?,"Set of rules defining token behavior on a blockchain (e.g., ERC-20, ERC-721)."
What is ERC-20?,"Ethereum token standard for fungible tokens with same value and interchangeable."
What is ERC-721?,"Ethereum token standard for non-fungible tokens (NFTs) representing unique assets."
What is NFT?,"Digital asset representing ownership of unique item, verified using blockchain."
What is blockchain interoperability?,"Ability of different blockchain networks to communicate and share data or assets."
What is blockchain oracle?,"External service providing real-world data to smart contracts."
What is blockchain governance?,"Rules and processes for decision-making and upgrades within a blockchain network."
What is mining reward?,"Incentive given to miners for validating transactions and creating blocks."
What is block reward halving?,"Periodic reduction of mining reward in certain cryptocurrencies to control supply (e.g., Bitcoin)."
What is proof of burn?,"Consensus mechanism where miners burn coins to gain mining rights or validate blocks."
What is proof of authority (PoA)?,"Consensus algorithm where only approved validators can create blocks."
What is blockchain tokenization?,"Converting real-world assets into digital tokens on a blockchain."
What is supply chain blockchain use case?,"Tracking products from origin to consumer to increase transparency and reduce fraud."
What is blockchain in finance?,"Using blockchain for payments, cross-border transfers, lending, and asset management."
What is blockchain in healthcare?,"Securing patient records, tracking drug supply chains, and ensuring data privacy."
What is blockchain in voting?,"Transparent, tamper-proof, and verifiable voting system using blockchain."
What is decentralized finance (DeFi)?,"Financial applications built on blockchain without traditional intermediaries."
What is blockchain interoperability protocol?,"Standards allowing different blockchains to exchange data and assets."
What is sidechain vs mainchain?,"Sidechain: separate blockchain linked to mainchain for offloading tasks; Mainchain: primary blockchain."
What is blockchain timestamping?,"Recording the exact time of transactions or data entries on blockchain."
What is transaction confirmation?,"Process of verifying and adding a transaction to a block."
What is mempool in blockchain?,"Pool of unconfirmed transactions waiting to be included in a block."
What is block propagation?,"Process of distributing newly mined block to all nodes in the network."
What is blockchain node synchronization?,"Process of updating node with latest blockchain state."
What is light client in blockchain?,"Node that does not store full blockchain but verifies transactions using block headers."
What is full client in blockchain?,"Node that stores entire blockchain and validates transactions independently."
What is hash rate?,"Measure of computational power used for mining or validating transactions."
What is difficulty adjustment?,"Automatic adjustment of mining difficulty to maintain block creation rate."
What is blockchain audit?,"Reviewing blockchain transactions and operations for compliance and accuracy."
What is blockchain tokenomics?,"Economic model and incentive structure of a blockchain or cryptocurrency."
What is decentralized exchange (DEX)?,"Platform allowing peer-to-peer trading of cryptocurrencies without central authority."
What is atomic swap?,"Direct exchange of cryptocurrencies from different blockchains without intermediaries."
What is blockchain scalability trilemma?,"Trade-off between decentralization, security, and scalability in blockchain design."
What is blockchain immutability challenge?,"Potential risk of changing or reversing blocks under certain attacks or governance decisions."
What is blockchain ledger pruning?,"Removing old data or transactions to reduce blockchain size while maintaining integrity."
What is blockchain checkpointing?,"Saving certain block states to optimize synchronization and reduce validation time."
What is blockchain privacy coin?,"Cryptocurrency focused on providing transaction privacy (e.g., Monero, Zcash)."
What is ring signature?,"Cryptographic technique to hide sender identity in privacy-focused blockchain transactions."
What is zero-knowledge proof (ZKP)?,"Cryptographic method to prove knowledge of information without revealing the data."
What is permissioned blockchain?,"Blockchain where participants need authorization to read or write data."
What is Hyperledger Fabric?,"Permissioned blockchain framework for enterprise solutions."
What is Corda?,"Blockchain platform focused on financial and enterprise use cases."
What is blockchain use case in IoT?,"Secure device data, automate contracts, and ensure trust in IoT ecosystems."
What is gas optimization in smart contracts?,"Reducing computational cost of executing smart contracts to save fees."
What is Solidity?,"Programming language used to write smart contracts on Ethereum."
What is Remix IDE?,"Web-based development environment for writing, testing, and deploying Solidity smart contracts."
What is blockchain token swap?,"Exchanging tokens between blockchains or platforms during migration or upgrade."
What is multi-signature wallet?,"Wallet requiring multiple private keys to authorize a transaction for added security."

Question,Answer
What is enterprise blockchain?,"Blockchain solutions designed for businesses with permissioned access, privacy, and scalability features."
What is Hyperledger Fabric?,"Open-source permissioned blockchain framework for enterprise use cases, supporting smart contracts and modular architecture."
What is Hyperledger Sawtooth?,"Enterprise blockchain platform using PoET consensus, designed for modular and scalable applications."
What is Corda?,"Enterprise blockchain platform focused on financial transactions with privacy and interoperability."
What is Quorum?,"Enterprise Ethereum-based blockchain platform designed for high-speed and private transactions."
What is permissioned vs permissionless blockchain?,"Permissioned: restricted access; Permissionless: anyone can join and participate."
What is Byzantine Fault Tolerance (BFT)?,"Ability of a distributed system to reach consensus even with malicious or faulty nodes."
What is Practical Byzantine Fault Tolerance (PBFT)?,"Consensus protocol allowing decentralized networks to tolerate up to 1/3 of faulty or malicious nodes."
What is Proof of Elapsed Time (PoET)?,"Consensus algorithm using trusted execution environment to randomly select block leaders."
What is Delegated Proof of Stake (DPoS)?,"Stakeholders elect delegates to validate transactions and maintain blockchain."
What is Proof of Authority (PoA)?,"Consensus mechanism where approved validators produce blocks, suitable for private networks."
What is hybrid blockchain?,"Combines elements of both public and private blockchains for flexibility."
What is on-chain governance?,"Decision-making process where blockchain rules and upgrades are managed through protocol votes."
What is off-chain governance?,"Decision-making outside the blockchain, typically by organizations or committees."
What is Decentralized Finance (DeFi)?,"Financial applications on blockchain without traditional intermediaries, enabling lending, borrowing, and trading."
What are popular DeFi protocols?,"Uniswap, Aave, Compound, MakerDAO."
What is liquidity pool in DeFi?,"Collection of funds provided by users to facilitate trading on decentralized exchanges."
What is automated market maker (AMM)?,"Algorithm that determines asset prices in a decentralized exchange using liquidity pools."
What is staking in blockchain?,"Locking coins to participate in PoS consensus and earn rewards."
What is yield farming?,"Using crypto assets to earn returns by providing liquidity or staking in DeFi platforms."
What is tokenomics?,"Economic model and incentive structure behind a cryptocurrency or token."
What is NFT?,"Non-Fungible Token representing ownership of unique digital assets."
What is ERC-721 token?,"Ethereum standard for non-fungible tokens."
What is ERC-1155 token?,"Ethereum standard supporting both fungible and non-fungible tokens."
What is minting in blockchain?,"Creating new tokens or NFTs on a blockchain."
What is burning in blockchain?,"Removing tokens from circulation to reduce supply and increase value."
What is smart contract audit?,"Reviewing smart contract code to identify vulnerabilities, bugs, or inefficiencies."
What are common smart contract vulnerabilities?,"Reentrancy attacks, integer overflow/underflow, front-running, unhandled exceptions."
What is reentrancy attack?,"Exploiting a smart contract function to call itself repeatedly before completing execution."
What is front-running in blockchain?,"Submitting transactions with higher fees to execute before others in the same block."
What is oracle in blockchain?,"External service providing real-world data to smart contracts."
What is Chainlink?,"Decentralized oracle network connecting smart contracts with off-chain data."
What is cross-chain interoperability?,"Ability to exchange data and assets between different blockchain networks."
What is wrapped token?,"Token representing an asset from another blockchain to enable cross-chain transactions."
What is sidechain?,"Blockchain connected to mainchain for offloading transactions or assets."
What is blockchain scalability trilemma?,"Trade-off between decentralization, security, and scalability in blockchain design."
What is layer-2 solution?,"Protocol built on top of blockchain to improve transaction speed and reduce fees."
What is Lightning Network?,"Layer-2 solution for Bitcoin enabling fast, low-cost transactions off-chain."
What is Plasma in Ethereum?,"Layer-2 scaling solution using child chains to process transactions off main Ethereum chain."
What is sharding in blockchain?,"Splitting the network into smaller partitions (shards) to process transactions in parallel."
What is validator in blockchain?,"Node responsible for validating transactions and creating new blocks in PoS-based networks."
What is miner in blockchain?,"Node responsible for validating transactions and solving PoW puzzles in proof-of-work networks."
What is gas fee in Ethereum?,"Fee paid to miners or validators for executing transactions and smart contracts."
What is base fee and priority fee in Ethereum?,"Base fee: mandatory network fee; Priority fee: optional tip to incentivize miners."
What is EIP-1559?,"Ethereum upgrade introducing base fee burning and improved fee predictability."
What is block time?,"Average time it takes to produce a new block in a blockchain."
What is finality in blockchain?,"Point at which a transaction is considered irreversible and permanent."
What is state channel?,"Layer-2 technique for off-chain transactions with on-chain settlement for efficiency."
What is plasma chain?,"Child chain processing transactions off Ethereum mainchain with periodic commitments to mainchain."
What is zero-knowledge proof (ZKP)?,"Cryptographic method to prove knowledge of data without revealing the data."
What is zk-SNARK?,"Zero-Knowledge Succinct Non-Interactive Argument of Knowledge used for privacy-preserving transactions."
What is zk-Rollup?,"Layer-2 solution aggregating multiple transactions into a single proof on mainchain."
What is privacy coin?,"Cryptocurrency designed for anonymous and untraceable transactions (e.g., Monero, Zcash)."
What is ring signature?,"Cryptographic technique to hide sender identity in privacy coins."
What is stealth address?,"Technique to hide recipient's identity in blockchain transactions."
What is multi-signature wallet?,"Wallet requiring multiple private keys to authorize a transaction."
What is hardware wallet?,"Physical device storing private keys securely offline (e.g., Ledger, Trezor)."
What is hot wallet?,"Wallet connected to the internet for frequent transactions."
What is cold wallet?,"Offline wallet used for long-term storage and security."
What is governance token?,"Token that grants holders voting rights in blockchain protocol decisions."
What is DAO?,"Decentralized Autonomous Organization governed by smart contracts and token holders."
What is blockchain interoperability protocol?,"Standards allowing different blockchains to communicate and share assets."
What is atomic swap?,"Direct exchange of cryptocurrencies between blockchains without intermediaries."
What is flash loan?,"Instant, uncollateralized loan in DeFi that must be repaid within one transaction."
What is impermanent loss?,"Temporary loss of value for liquidity providers in AMMs due to price volatility."
What is token vesting?,"Gradual release of tokens to team or investors over a defined period."
What is token burning?,"Permanent removal of tokens to reduce supply and increase scarcity."
What is blockchain ledger pruning?,"Removing old transaction data to reduce blockchain size while preserving integrity."
What is checkpointing in blockchain?,"Saving certain block states to optimize synchronization and reduce validation time."
What is replay attack?,"Duplicating a valid transaction to execute it multiple times on blockchain."
How to prevent replay attacks?,"Use unique transaction IDs, chain IDs, or smart contract checks."
What is blockchain audit trail?,"Complete record of all transactions for transparency and compliance."
What is regulatory compliance in blockchain?,"Adhering to legal and financial regulations while implementing blockchain solutions."
What is blockchain in supply chain?,"Tracking products from origin to consumer to ensure transparency, authenticity, and efficiency."
What is blockchain in healthcare?,"Secure patient records, track pharmaceuticals, and ensure data privacy."
What is blockchain in voting systems?,"Tamper-proof and transparent voting using blockchain to ensure integrity."
What is blockchain in identity management?,"Decentralized system for verifying digital identities securely."
What is token standard ERC-20?,"Ethereum standard for fungible tokens, all identical and interchangeable."
What is token standard ERC-721?,"Ethereum standard for non-fungible tokens, each unique and distinct."
What is token standard ERC-1155?,"Ethereum standard supporting both fungible and non-fungible tokens in a single contract."
What is gas optimization in smart contracts?,"Writing efficient code to reduce transaction execution costs on blockchain."
What is front-running attack in DeFi?,"Malicious users executing transactions before others by exploiting transaction ordering."
What is oracle manipulation attack?,"Attack exploiting inaccurate or malicious data provided by blockchain oracles."
What is blockchain consensus attack?,"Attack attempting to manipulate the consensus mechanism (e.g., 51% attack)."
What is validator slashing?,"Penalty imposed on validators for malicious behavior or protocol violations."
What is blockchain fork?,"Splitting of blockchain into two chains due to protocol upgrade or network disagreement."
What is hard fork?,"Backward-incompatible blockchain upgrade requiring all nodes to update."
What is soft fork?,"Backward-compatible blockchain upgrade where old nodes can still validate blocks."
What is blockchain testnet?,"Blockchain environment used for testing without using real assets."
What is mainnet?,"Primary network where real transactions and assets exist."
What is replay protection in blockchain?,"Mechanism to prevent repeating the same transaction on multiple chains."

Question,Answer
What is enterprise blockchain use case?,"Applications of blockchain in supply chain, finance, healthcare, and identity management for businesses."
What is token economy?,"Economic system and incentives governing token creation, distribution, and utility within a blockchain ecosystem."
What is DeFi lending protocol?,"Platform allowing users to lend or borrow crypto assets without intermediaries using smart contracts."
What is Aave protocol?,"Decentralized lending and borrowing platform enabling flash loans and variable interest rates."
What is Compound protocol?,"DeFi platform that allows earning interest on crypto assets and borrowing against them."
What is MakerDAO?,"DeFi protocol that issues DAI stablecoin backed by crypto collateral."
What is stablecoin?,"Cryptocurrency pegged to stable asset like USD to reduce volatility (e.g., USDT, DAI)."
What is algorithmic stablecoin?,"Stablecoin maintained via algorithms adjusting supply instead of backing by fiat assets."
What is collateralized stablecoin?,"Stablecoin backed by assets such as crypto or fiat reserves to maintain value."
What is NFT marketplace?,"Platform for creating, buying, and selling non-fungible tokens."
What is ERC-721 vs ERC-1155?,"ERC-721: unique NFTs; ERC-1155: supports both fungible and non-fungible tokens."
What is NFT minting process?,"Creating a new NFT by registering its metadata and ownership on blockchain."
What is NFT metadata?,"Data describing NFT properties such as name, image, attributes, and owner."
What is fractional NFT?,"Dividing ownership of a single NFT into multiple tokens to enable shared ownership."
What is gas optimization in NFT minting?,"Reducing smart contract execution cost through efficient code and batching."
What is cross-chain NFT?,"NFT that can move or be recognized across multiple blockchain networks."
What is blockchain interoperability?,"Ability of different blockchains to exchange data or assets seamlessly."
What is wrapped token?,"Token representing an asset from another blockchain for cross-chain use."
What is blockchain bridge?,"Protocol connecting two blockchains to enable asset transfers."
What is atomic swap?,"Direct, trustless exchange of assets between different blockchains."
What is smart contract upgrade?,"Process of modifying a smart contract logic while preserving state and addresses."
What is proxy pattern in smart contracts?,"Design pattern enabling upgradeable smart contracts by delegating calls to implementation contract."
What is diamond pattern in smart contracts?,"Modular smart contract design allowing multiple facets to be upgraded independently."
What is front-running attack in DeFi?,"Manipulating transaction ordering to profit from upcoming trades."
What is sandwich attack?,"Type of front-running where attacker places transactions before and after a victim's transaction."
What is oracle attack?,"Manipulating external data feeds to exploit smart contracts depending on off-chain data."
What is governance token?,"Token granting holders voting rights on protocol decisions, upgrades, or treasury usage."
What is DAO?,"Decentralized Autonomous Organization governed by smart contracts and token holders."
What is multi-signature wallet?,"Wallet requiring multiple private keys to approve a transaction for enhanced security."
What is timelock in smart contracts?,"Delay mechanism to execute contract functions after a set time for governance or security."
What is flash loan attack?,"Exploiting uncollateralized instant loans to manipulate DeFi protocols."
What is impermanent loss?,"Temporary loss incurred by liquidity providers due to price volatility in AMMs."
What is yield farming?,"Using crypto assets to earn additional returns by providing liquidity or staking."
What is staking reward?,"Incentive paid to validators for participating in PoS consensus."
What is validator slashing?,"Penalty imposed on validators for malicious behavior or protocol violation."
What is token vesting?,"Scheduled release of tokens to team, investors, or advisors to prevent immediate selling."
What is blockchain oracle?,"Service providing external data to smart contracts securely and reliably."
What is decentralized oracle?,"Oracle network that aggregates multiple data sources for trustless verification."
What is Chainlink?,"Decentralized oracle network connecting smart contracts with real-world data."
What is Band Protocol?,"Cross-chain oracle providing secure data for smart contracts on multiple blockchains."
What is off-chain computation?,"Processing data or logic outside blockchain to reduce cost and improve performance."
What is layer-2 solution?,"Protocol built atop blockchain to increase scalability and transaction speed."
What is rollup in Ethereum?,"Layer-2 solution aggregating multiple transactions and submitting compressed proofs on mainnet."
What is zk-Rollup?,"Rollup using zero-knowledge proofs for privacy and scalability."
What is optimistic rollup?,"Layer-2 scaling solution assuming transactions are valid, with dispute resolution via fraud proofs."
What is sidechain?,"Independent blockchain connected to mainchain for offloading transactions or assets."
What is state channel?,"Off-chain mechanism for fast transactions settled periodically on-chain."
What is plasma chain?,"Child chain processing transactions off Ethereum mainchain with periodic commitments."
What is blockchain scalability trilemma?,"Challenge to optimize decentralization, security, and scalability simultaneously."
What is layer-1 vs layer-2 blockchain?,"Layer-1: base blockchain (Ethereum, Bitcoin); Layer-2: secondary protocol for scaling."
What is MEV (Miner/Maximal Extractable Value)?,"Profit miners/validators can extract by reordering or including transactions in blocks."
What is NFT royalty mechanism?,"Smart contract feature paying creators a percentage on secondary sales."
What is ERC-2981?,"Ethereum standard for NFT royalties."
What is decentralized storage?,"Storing data across multiple nodes in a network to prevent censorship and increase reliability."
What is IPFS?,"InterPlanetary File System, a decentralized file storage protocol."
What is Filecoin?,"Decentralized storage network incentivizing data storage and retrieval."
What is blockchain security audit?,"Comprehensive review of code, smart contracts, and protocols to identify vulnerabilities."
What is vulnerability assessment in smart contracts?,"Testing contracts for bugs, exploits, and security risks."
What is reentrancy attack?,"Exploiting a contract function to repeatedly call itself before completing execution."
What is integer overflow/underflow?,"Errors when arithmetic operations exceed variable limits causing incorrect results."
What is front-running in DeFi?,"Exploiting pending transactions by inserting own transactions first."
What is flash loan attack?,"Using instant uncollateralized loans to manipulate DeFi markets for profit."
What is governance attack?,"Malicious actors using governance tokens to influence protocol decisions."
What is Sybil attack in blockchain?,"Creating multiple fake identities to manipulate consensus or governance."
What is 51% attack?,"Controlling majority of network’s hash power to reverse or censor transactions."
What is blockchain fork?,"Splitting blockchain into two chains due to protocol upgrades or disagreements."
What is hard fork?,"Backward-incompatible blockchain upgrade requiring all nodes to update."
What is soft fork?,"Backward-compatible blockchain upgrade where old nodes still validate new blocks."
What is testnet vs mainnet?,"Testnet: blockchain for testing with no real value; Mainnet: live blockchain with real assets."
What is replay attack?,"Duplicating a valid transaction to execute it multiple times on different chains."
How to prevent replay attacks?,"Use chain IDs, unique transaction IDs, and replay protection mechanisms."
What is blockchain audit trail?,"Complete record of all transactions for transparency, compliance, and traceability."
What is token burning?,"Permanent removal of tokens from circulation to reduce supply and increase scarcity."
What is DAO treasury?,"Fund managed by DAO smart contracts for protocol development or community initiatives."
What is NFT fractionalization?,"Dividing ownership of a single NFT into multiple tokens for shared ownership."
What is wrapped token?,"Token representing an asset from another blockchain to enable cross-chain compatibility."
What is cross-chain bridge?,"Protocol enabling transfer of assets between different blockchains."
What is atomic swap?,"Direct, trustless exchange of tokens between different blockchains without intermediaries."
What is regulatory compliance in blockchain?,"Ensuring blockchain operations adhere to local laws and financial regulations."
What is KYC/AML in blockchain?,"Processes to verify user identity and prevent money laundering or illegal activities."
What is blockchain in supply chain management?,"Using blockchain to track products, verify authenticity, and enhance transparency."
What is blockchain in healthcare?,"Securing patient data, tracking medical supply chains, and enabling interoperable health records."
What is blockchain in voting systems?,"Transparent and tamper-proof voting using blockchain to ensure election integrity."
What is blockchain in digital identity?,"Decentralized and secure system to verify identities online."

Question,Answer
What is game development?,"The process of designing, programming, and creating video games across platforms."
What are the stages of game development?,"Concept, design, prototyping, production, testing, release, and post-release updates."
What is a game engine?,"Software framework providing tools and features to build and run games (e.g., Unity, Unreal Engine)."
What is Unity?,"Popular cross-platform game engine for 2D, 3D, AR, and VR game development."
What is Unreal Engine?,"Advanced game engine known for high-quality 3D graphics and real-time rendering capabilities."
What is the difference between Unity and Unreal Engine?,"Unity is beginner-friendly and flexible; Unreal Engine excels in AAA graphics and C++ performance."
What is game loop?,"Core loop that updates game logic, handles input, renders graphics, and repeats every frame."
What are the main components of a game loop?,"Input handling, update logic, physics simulation, rendering, audio management."
What is a frame rate (FPS)?,"Number of frames rendered per second; affects smoothness and responsiveness of a game."
What is delta time in game development?,"Time elapsed between frames; used for smooth and consistent movement and animation."
What is physics engine?,"Software component simulating real-world physics like collisions, gravity, and forces."
What is rigidbody?,"Physics component representing an object with mass, velocity, and forces in the game world."
What is collider in games?,"Component defining the shape used for collision detection in physics simulations."
What is raycasting?,"Casting an invisible ray from a point to detect objects along its path; used for shooting, vision, and AI."
What is AI in games?,"Artificial intelligence controlling NPC behavior, pathfinding, decision-making, and game dynamics."
What is pathfinding?,"Algorithm to navigate characters through the game environment efficiently (e.g., A* algorithm)."
What is finite state machine (FSM) in games?,"AI model representing behavior as states and transitions based on events."
What is behavior tree?,"Hierarchical AI model for complex decision-making and modular behavior design."
What is animation in games?,"Visual representation of motion through frames or keyframes for characters and objects."
What is skeletal animation?,"Animating a character using bones and joints for realistic movement."
What is keyframe animation?,"Defining important frames and interpolating motion between them."
What is blend tree in animation?,"Technique to blend multiple animations smoothly based on parameters."
What is sprite?,"2D image or graphic representing objects in a game."
What is sprite sheet?,"Single image containing multiple frames for animation or UI elements."
What is texture mapping?,"Applying a 2D image onto a 3D model's surface for detail and realism."
What is normal mapping?,"Technique to simulate small surface details without increasing geometry complexity."
What is shading in games?,"Calculating how surfaces interact with light to produce realistic visuals."
What is lighting in games?,"Simulating light sources, shadows, and ambient effects for visual realism."
What is dynamic lighting?,"Lighting calculated in real-time, changing with environment or objects."
What is baked lighting?,"Precomputed lighting stored in textures to reduce runtime performance cost."
What is particle system?,"Technique to create effects like smoke, fire, explosions, and magic spells."
What is audio in games?,"Sound effects, music, and voice acting to enhance immersion and gameplay feedback."
What is 3D modeling?,"Creating 3D assets like characters, props, and environments using software like Blender or Maya."
What is level design?,"Designing game environments, challenges, and player experiences."
What is game mechanics?,"Rules and systems governing player interactions and gameplay."
What is game dynamics?,"Emergent behavior resulting from game mechanics interacting with player actions."
What is game progression?,"System defining how players advance through levels, skills, or story."
What is gameplay loop?,"Cycle of actions the player repeatedly performs, providing engagement and challenge."
What is player feedback in games?,"Information given to players about their actions through visuals, audio, and UI."
What is HUD (Heads-Up Display)?,"On-screen interface showing player information like health, score, and inventory."
What is UI/UX in games?,"Designing intuitive interfaces and interactions for user-friendly experiences."
What is multiplayer game?,"Game where multiple players interact simultaneously over a network."
What is client-server architecture in games?,"Network setup where clients send input to a server which manages the game state."
What is peer-to-peer networking in games?,"Network setup where each player connects directly with others, sharing game state."
What is lag in games?,"Delay between player input and game response due to network or performance issues."
What is latency compensation?,"Techniques to reduce perceived lag in multiplayer games, like client-side prediction."
What is matchmaking?,"System to pair players of similar skill levels for fair multiplayer experiences."
What is game AI difficulty scaling?,"Adjusting AI behavior based on player skill to maintain challenge."
What is procedural generation in games?,"Algorithmically generating content like levels, maps, or items to enhance replayability."
What is random number generation (RNG) in games?,"Used to create unpredictable outcomes like loot drops or critical hits."
What is scripting in games?,"Writing code for gameplay logic, interactions, and event handling."
What is C# in Unity?,"Primary programming language used to write scripts in Unity."
What is Blueprints in Unreal Engine?,"Visual scripting system for designing gameplay logic without writing code."
What is game optimization?,"Improving performance, reducing load times, and maintaining stable frame rates."
What is occlusion culling?,"Technique to prevent rendering objects not visible to the player to improve performance."
What is level of detail (LOD)?,"Reducing complexity of distant objects to save processing power."
What is memory management in games?,"Efficiently allocating and freeing resources to prevent crashes and lag."
What is garbage collection in Unity?,"Automatic memory cleanup for unused objects to avoid memory leaks."
What is networking synchronization in games?,"Keeping game state consistent across all clients in multiplayer games."
What is authoritative server?,"Server controlling the true game state, preventing cheating in multiplayer games."
What is game monetization?,"Generating revenue through in-game purchases, ads, or premium versions."
What is freemium model?,"Free-to-play game with optional in-app purchases."
What is pay-to-play model?,"Players pay upfront to access the full game."
What is loot box?,"Virtual item offering random rewards, often monetized in free-to-play games."
What is in-game economy?,"Virtual economy managing currency, items, and trade within a game."
What is cross-platform development?,"Developing games to run on multiple platforms like PC, consoles, and mobile."
What is VR (Virtual Reality) in games?,"Immersive gameplay using head-mounted displays and motion tracking."
What is AR (Augmented Reality) in games?,"Overlaying digital objects onto the real world using devices or smartphones."
What is physics-based gameplay?,"Using real-world physics simulation to influence movement and interactions."
What is collision detection?,"Detecting when objects intersect or interact in the game world."
What is event-driven programming in games?,"Handling actions based on events like user input or collisions."
What is save/load system in games?,"System to store and retrieve game state for player progress."
What is AI navigation mesh (NavMesh)?,"Data structure representing walkable areas for NPC pathfinding."
What is game testing?,"Process of identifying bugs, performance issues, and gameplay balancing."
What is playtesting?,"Observing players to evaluate fun, difficulty, and usability of a game."
What is debugging in games?,"Finding and fixing code errors, performance issues, or gameplay problems."
What is version control in game development?,"Tracking changes in code, assets, and project files using tools like Git."
What is Agile in game development?,"Iterative development methodology emphasizing collaboration, feedback, and incremental progress."
What is SCRUM in game development?,"Agile framework with sprints, standups, and backlog for organized development."
What is asset pipeline in games?,"Process for creating, importing, and managing game assets efficiently."
What is shader in games?,"Program controlling how graphics are rendered, affecting lighting, color, and effects."
What is post-processing in games?,"Visual effects applied after rendering, like bloom, motion blur, and color grading."
What is game analytics?,"Collecting data on player behavior to improve gameplay, retention, and monetization."
What is user retention in games?,"Keeping players engaged and returning to the game over time."
What is gamification?,"Applying game-like elements to increase engagement in non-game contexts."
What is indie game development?,"Small-scale game development often by a single developer or small team."
What is AAA game development?,"High-budget, high-profile game development by large studios."

Question,Answer
What is multiplayer networking in games?,"Techniques to connect multiple players in a shared game world over the internet or LAN."
What is client-side prediction?,"Technique where the client predicts movement or actions to reduce perceived latency."
What is server reconciliation?,"Correcting the client’s predicted state with the authoritative server state in multiplayer games."
What is lag compensation?,"Mechanisms to hide network delays and synchronize gameplay across clients."
What is network interpolation?,"Smoothing object movement between received updates to create fluid motion."
What is network extrapolation?,"Predicting future positions of objects based on current velocity to hide latency."
What is authoritative server architecture?,"Server controls the true game state to prevent cheating and maintain consistency."
What is peer-to-peer architecture?,"Each player’s system communicates directly with others without a central server."
What is network packet loss?,"When data packets fail to reach their destination, causing lag or desynchronization."
What is bandwidth optimization?,"Techniques to reduce data sent over the network for better performance."
What is game physics engine?,"Software that simulates real-world physics for motion, collisions, and forces."
What is rigidbody physics?,"Simulating solid objects with mass, velocity, and collisions."
What is softbody physics?,"Simulating deformable objects like cloth, jelly, or rubber."
What is particle physics?,"Simulating small particles like dust, smoke, or fluid effects."
What is collision detection?,"Detecting intersections between objects in a game world."
What is collision response?,"Calculating the result of a collision, like bouncing or stopping movement."
What is physics timestep?,"Time interval used for updating physics simulation consistently."
What is fixed timestep vs variable timestep?,"Fixed timestep: consistent physics updates; Variable timestep: updates based on frame time."
What is physics optimization?,"Techniques to improve performance of physics simulations, like collision layers and simplified colliders."
What is GPU vs CPU physics?,"CPU: general physics calculation; GPU: parallel computation for complex simulations."
What is AI in games?,"Artificial intelligence controlling NPC behavior, decision-making, and game systems."
What is finite state machine (FSM) in AI?,"AI model using discrete states and transitions for behavior control."
What is behavior tree in AI?,"Hierarchical decision-making structure for modular and complex AI behavior."
What is pathfinding AI?,"Algorithm allowing NPCs to navigate environments efficiently (e.g., A* algorithm)."
What is steering behavior?,"AI technique for realistic movement like seeking, fleeing, and obstacle avoidance."
What is utility AI?,"AI system choosing actions based on a scoring system for flexible behavior."
What is procedural content generation (PCG)?,"Algorithmically creating levels, maps, items, or environments to increase replayability."
What is procedural animation?,"Automatically generating animations using algorithms rather than keyframes."
What is VR (Virtual Reality) in games?,"Immersive environment using head-mounted displays and motion tracking."
What is AR (Augmented Reality) in games?,"Overlaying digital content onto the real world through devices or smartphones."
What is mixed reality (MR)?,"Combination of AR and VR to integrate real and virtual worlds."
What is VR locomotion?,"Techniques for moving players in VR without causing motion sickness."
What is teleportation in VR?,"Instantly moving the player’s position to reduce discomfort in VR games."
What is VR interaction design?,"Designing intuitive controls and interactions for VR environments."
What is ARKit?,"Apple framework for building AR applications on iOS devices."
What is ARCore?,"Google framework for building AR applications on Android devices."
What is shaders in games?,"Programs that determine how surfaces are rendered, including lighting and effects."
What is vertex shader?,"Shader that processes vertices, controlling position, transformation, and attributes."
What is fragment/pixel shader?,"Shader that calculates color and lighting for each pixel on a surface."
What is geometry shader?,"Shader that generates or modifies geometry on the GPU."
What is compute shader?,"Shader used for general-purpose parallel computations on the GPU."
What is post-processing shader?,"Shader applied after rendering to add effects like bloom, motion blur, or color grading."
What is lighting in games?,"Simulation of light sources, shadows, and reflections to enhance realism."
What is global illumination?,"Technique simulating indirect lighting bouncing off surfaces in a scene."
What is PBR (Physically Based Rendering)?,"Rendering technique using physical properties of materials for realistic lighting."
What is texture mapping?,"Applying a 2D image to a 3D model’s surface for detail."
What is normal mapping?,"Technique simulating small surface details without adding geometry."
What is ambient occlusion?,"Shading technique simulating soft shadows in corners and crevices."
What is bloom effect?,"Visual effect that simulates light scattering to create glow."
What is motion blur?,"Effect blurring moving objects to simulate realistic motion."
What is anti-aliasing?,"Technique to smooth jagged edges in rendered images."
What is LOD (Level of Detail)?,"Reducing object complexity at distance to improve performance."
What is culling in games?,"Preventing rendering of objects not visible to the camera."
What is occlusion culling?,"Preventing rendering of objects blocked by other objects."
What is frustum culling?,"Preventing rendering of objects outside the camera’s view frustum."
What is batching in rendering?,"Combining multiple objects into a single draw call to optimize performance."
What is memory management in games?,"Efficient allocation and freeing of resources to prevent lag and crashes."
What is garbage collection in Unity?,"Automatic cleanup of unused objects to free memory."
What is asset pipeline?,"Process of creating, importing, and managing game assets efficiently."
What is prefab in Unity?,"Reusable game object template for creating multiple instances."
What is blueprint in Unreal Engine?,"Visual scripting system for designing gameplay logic without code."
What is scriptable object in Unity?,"Data container for storing reusable configuration or game data."
What is event-driven programming?,"Programming model where code responds to events like input or collisions."
What is serialization in games?,"Converting objects into a format for storage or network transmission."
What is networking synchronization?,"Keeping game state consistent across multiple clients in multiplayer games."
What is authoritative server?,"Server maintaining the true game state and resolving conflicts."
What is rollback networking?,"Technique to handle latency by rewinding and correcting game state."
What is matchmaking in games?,"System to pair players of similar skill levels for balanced multiplayer sessions."
What is game analytics?,"Collecting and analyzing player data to improve gameplay, engagement, and monetization."
What is telemetry in games?,"Recording real-time data on player behavior and game performance."
What is player retention?,"Ability to keep players returning and engaged with a game over time."
What is gamification?,"Applying game-like elements to increase engagement in non-game contexts."
What is indie game development?,"Small-scale development often by a solo developer or small team."
What is AAA game development?,"High-budget, large-scale production with advanced graphics and gameplay."
What is cross-platform development?,"Creating games to run on multiple devices and operating systems."
What is cloud gaming?,"Streaming games from servers to devices without high local hardware requirements."
What is asset bundling?,"Grouping game assets into packages for efficient loading and distribution."
What is hot reloading?,"Updating game assets or code without restarting the game for faster iteration."
What is VFX (Visual Effects) in games?,"Graphical effects like explosions, fire, smoke, and magic to enhance visuals."
What is procedural audio?,"Automatically generating sound effects or music based on algorithms."
What is adaptive audio?,"Changing game music or sounds dynamically based on gameplay context."

#python
Question,Answer
What is Python?,"High-level, interpreted programming language known for simplicity and readability."
What are key features of Python?,"Easy syntax, interpreted, dynamically typed, object-oriented, extensive libraries."
What is Python interpreted language?,"Python code is executed line by line by the interpreter without compiling to machine code."
What is dynamic typing in Python?,"Variable types are determined at runtime, not explicitly declared."
What are Python data types?,"int, float, str, list, tuple, dict, set, bool, NoneType."
What is the difference between list and tuple?,"List is mutable, Tuple is immutable."
What is the difference between list and set?,"List allows duplicates and maintains order; set is unordered and has unique elements."
What is Python dictionary?,"Collection of key-value pairs, unordered and mutable."
What is Python string?,"Sequence of characters, immutable."
What are Python operators?,"Arithmetic, comparison, logical, assignment, bitwise, membership, and identity operators."
What is Python function?,"Reusable block of code performing a specific task, defined using 'def'."
What is Python lambda function?,"Anonymous, single-line function defined using 'lambda' keyword."
What is Python module?,"File containing Python definitions and functions that can be imported into other scripts."
What is Python package?,"Directory containing multiple modules and an __init__.py file."
What is Python namespace?,"Mapping of names to objects in Python, e.g., local, global, built-in namespaces."
What is Python scope?,"Region where a variable is accessible, e.g., local, global, nonlocal."
What is Python class?,"Blueprint for creating objects, defining attributes and methods."
What is Python object?,"Instance of a class with data and behavior."
What is Python inheritance?,"Mechanism where a class derives attributes and methods from another class."
What is Python multiple inheritance?,"A class can inherit from more than one parent class."
What is Python method?,"Function defined inside a class that operates on objects of that class."
What is self in Python?,"Represents the instance of the class inside its methods."
What is Python constructor?,"__init__ method used to initialize object attributes."
What is Python destructor?,"__del__ method used to clean up resources when an object is deleted."
What is Python encapsulation?,"Restricting access to object attributes using private or protected variables."
What is Python polymorphism?,"Ability to use the same interface for different underlying data types."
What is Python abstraction?,"Hiding internal implementation details using abstract classes or methods."
What is Python iterator?,"Object that can be iterated over using __iter__() and __next__() methods."
What is Python generator?,"Function that yields items one at a time using 'yield', saving memory."
What is Python comprehension?,"Concise syntax to create lists, dictionaries, or sets in one line."
What is Python decorator?,"Function modifying another function’s behavior without changing its code."
What is Python property decorator?,"@property decorator used to create getter, setter, and deleter methods."
What is Python exception?,"Error occurring during program execution."
What is Python try-except block?,"Handles exceptions to prevent program crashes."
What is Python finally block?,"Block executed regardless of whether an exception occurred."
What is Python raise keyword?,"Used to manually trigger an exception."
What is Python with statement?,"Context manager for resource handling, e.g., opening files safely."
What is Python file handling modes?,"'r' (read), 'w' (write), 'a' (append), 'rb', 'wb', etc."
What is Python read() vs readline()?,"read(): reads entire file; readline(): reads one line at a time."
What is Python os module?,"Provides functions to interact with the operating system."
What is Python sys module?,"Provides access to system-specific parameters and functions."
What is Python math module?,"Provides mathematical functions like sqrt, sin, cos, factorial, etc."
What is Python random module?,"Used to generate random numbers or choose random elements."
What is Python datetime module?,"Provides classes to manipulate dates and times."
What is Python regular expression?,"Pattern matching tool using re module."
What is Python re.match vs re.search?,"match(): checks at start of string; search(): checks anywhere in string."
What is Python list slicing?,"Accessing parts of a list using [start:end:step] syntax."
What is Python string formatting?,"Using f-strings, format(), or % operator to insert values into strings."
What is Python f-string?,"String literal prefixed with 'f' to embed expressions directly: f'{var}'."
What is Python map function?,"Applies a function to all items in an iterable."
What is Python filter function?,"Filters items in an iterable based on a condition."
What is Python reduce function?,"Applies a function cumulatively to items of an iterable to produce a single value (from functools)."
What is Python zip function?,"Combines multiple iterables into tuples of corresponding elements."
What is Python enumerate function?,"Adds a counter to an iterable, returning index and value."
What is Python *args and **kwargs?,"*args: variable positional arguments; **kwargs: variable keyword arguments."
What is Python global keyword?,"Used to declare a variable as global inside a function."
What is Python nonlocal keyword?,"Used to modify a variable in an outer (non-global) scope."
What is Python data serialization?,"Converting Python objects to string format for storage or transfer (e.g., JSON, pickle)."
What is Python pickle module?,"Serializes and deserializes Python objects to/from binary format."
What is Python JSON module?,"Converts Python objects to JSON strings and vice versa."
What is Python virtual environment?,"Isolated environment for project-specific Python packages."
What is Python pip?,"Package manager to install and manage Python libraries."
What is Python list vs array?,"List: general-purpose container; array (from array module): stores homogeneous data efficiently."
What is Python set operations?,"Union, intersection, difference, symmetric difference."
What is Python dictionary comprehension?,"Concise way to create dictionaries using {key: value for item in iterable}."
What is Python shallow copy vs deep copy?,"Shallow copy copies references; deep copy copies objects recursively."
What is Python import statement?,"Used to include modules or packages in a script."
What is Python __name__ variable?,"Indicates whether the script is run directly or imported as a module."
What is Python __main__?,"Block executed only when the script is run directly, not when imported."
What is Python context manager?,"Object defining __enter__ and __exit__ methods to manage resources."
What is Python garbage collection?,"Automatic memory management freeing objects no longer in use."
What is Python memory management?,"Using reference counting and garbage collection to manage object memory."
What is Python comprehension vs generator expression?,"Comprehension creates entire list; generator yields items lazily to save memory."
What is Python multithreading?,"Running multiple threads concurrently to perform tasks in parallel."
What is Python multiprocessing?,"Creating separate processes to bypass GIL and achieve true parallelism."
What is Python GIL?,"Global Interpreter Lock, allowing only one thread to execute Python bytecode at a time."
What is Python async programming?,"Asynchronous execution using async/await to handle IO-bound tasks efficiently."
What is Python await?,"Pauses async function until awaited coroutine finishes."
What is Python asyncio module?,"Library for writing asynchronous code using coroutines, tasks, and event loops."
What is Python generator vs iterator?,"Generator yields items lazily; iterator defines __iter__() and __next__()."
What is Python property() function?,"Built-in function to create managed attributes in classes."
What is Python metaclass?,"Class defining behavior of other classes; used for advanced class customization."
What is Python decorator vs metaclass?,"Decorator modifies function/class behavior; metaclass modifies class creation."
What is Python typing module?,"Provides type hints and annotations for static type checking."
What is Python dataclass?,"Decorator @dataclass to automatically generate init, repr, eq methods for classes."
What is Python slots?,"__slots__ reduces memory usage by preventing dynamic attribute creation in objects."
What is Python monkey patching?,"Dynamically modifying classes or modules at runtime."
What is Python mixin?,"Class providing reusable methods to other classes via multiple inheritance."
What is Python property vs attribute?,"Attribute: regular variable; property: managed access via getter/setter methods."
What is Python assert statement?,"Used to test assumptions during debugging and raise AssertionError if false."
What is Python exception hierarchy?,"BaseException > Exception > StandardError > specific errors (ValueError, TypeError, etc.)"
What is Python finally vs else in try block?,"finally always executes; else executes only if no exception occurs."
What is Python comprehension performance?,"Faster and memory-efficient than loops for creating lists, dicts, or sets."
What is Python memory leak?,"Unintended retention of objects due to circular references or references held."
What is Python weak reference?,"Reference that doesn’t prevent garbage collection of an object (weakref module)."
What is Python pathlib module?,"Object-oriented module for handling filesystem paths."
What is Python iterator protocol?,"Objects must implement __iter__() and __next__() methods."
What is Python callable object?,"Object that can be called like a function using parentheses."
What is Python closure?,"Function capturing variables from enclosing scope to retain state."
What is Python recursion?,"Function calling itself directly or indirectly."
What is Python tail recursion?,"Recursive call where last action is the recursive call; Python doesn’t optimize tail recursion."
What is Python pickling security risk?,"Loading untrusted pickle data can execute arbitrary code."
What is Python datatypes mutability?,"Mutable: list, dict, set; Immutable: int, float, str, tuple."
What is Python slice vs index?,"Index accesses single element; slice accesses range of elements."

Question,Answer
What is Python NumPy library?,"Library for numerical computations, supporting arrays, matrices, and mathematical functions."
What is Python Pandas library?,"Library for data analysis and manipulation using DataFrame and Series data structures."
What is Python Matplotlib library?,"Library for creating static, animated, and interactive visualizations in Python."
What is Python Seaborn library?,"Statistical data visualization library built on top of Matplotlib."
What is Python Requests library?,"Library for sending HTTP requests easily in Python."
What is Python BeautifulSoup library?,"Library for parsing HTML and XML documents for web scraping."
What is Python Flask?,"Lightweight web framework for building web applications in Python."
What is Python Django?,"High-level web framework for building secure and scalable web applications."
What is Python FastAPI?,"Modern web framework for building APIs with Python using async features."
What is Python REST API?,"Application Programming Interface following REST principles for communication over HTTP."
What is Python SOAP API?,"Web service protocol using XML for communication between applications."
What is Python virtualenv?,"Tool to create isolated Python environments to manage dependencies."
What is Python conda?,"Package, dependency, and environment management system for Python."
What is Python pip freeze?,"Command to list all installed packages and their versions in current environment."
What is Python module vs package?,"Module: single Python file; Package: directory containing modules and __init__.py."
What is Python iterator vs generator?,"Iterator: object with __iter__ and __next__; Generator: function yielding items lazily using 'yield'."
What is Python async vs thread?,"Async: single-threaded, handles IO efficiently; Thread: parallel execution with GIL limitations."
What is Python multiprocessing module?,"Module to create separate processes for parallel computation, bypassing GIL."
What is Python threading module?,"Module to create threads for concurrent execution in the same process."
What is Python queue module?,"Thread-safe queue implementation for inter-thread communication."
What is Python decorator?,"Function modifying behavior of another function without changing its code."
What is Python class method?,"Method that receives the class as the first argument using @classmethod decorator."
What is Python static method?,"Method that does not receive instance or class automatically, defined with @staticmethod."
What is Python property decorator?,"Decorator to define getter, setter, and deleter methods for controlled access to attributes."
What is Python context manager?,"Object implementing __enter__ and __exit__ for managing resources automatically (used with 'with')."
What is Python with statement?,"Simplifies resource management by using context managers to handle setup and cleanup."
What is Python exception hierarchy?,"BaseException > Exception > StandardError > specific errors like ValueError, TypeError."
What is Python logging module?,"Module to report status, errors, and debugging information in applications."
What is Python assert statement?,"Used to validate assumptions; raises AssertionError if condition is false."
What is Python traceback?,"Detailed report of active stack frames at the point an exception occurred."
What is Python memory management?,"Automatic garbage collection and reference counting to manage memory."
What is Python weakref module?,"Module to create weak references that do not prevent object garbage collection."
What is Python data serialization?,"Converting Python objects to formats like JSON, pickle, or YAML for storage or transfer."
What is Python pickle vs JSON?,"Pickle: Python-specific binary format; JSON: text format interoperable across languages."
What is Python slice notation?,"Accessing subsequences with [start:end:step] syntax."
What is Python list comprehension?,"Concise syntax to create lists: [expression for item in iterable if condition]."
What is Python dictionary comprehension?,"Concise syntax to create dictionaries: {key: value for item in iterable}."
What is Python set comprehension?,"Concise syntax to create sets: {expression for item in iterable}."
What is Python generator expression?,"Lazy evaluation of a sequence using parentheses: (expression for item in iterable)."
What is Python map() function?,"Applies a function to each item of an iterable and returns a map object."
What is Python filter() function?,"Filters items in an iterable based on a function returning True/False."
What is Python reduce() function?,"Applies function cumulatively to iterable elements, producing a single result (from functools)."
What is Python lambda function?,"Anonymous function defined using lambda keyword: lambda x: x+1."
What is Python functools module?,"Provides higher-order functions like reduce, partial, lru_cache, and wraps."
What is Python itertools module?,"Tools for creating efficient iterators like chain, cycle, permutations, and combinations."
What is Python zip() function?,"Combines multiple iterables into tuples of corresponding elements."
What is Python enumerate() function?,"Adds index to iterable items: returns tuples (index, value)."
What is Python *args and **kwargs?,"*args: variable positional arguments; **kwargs: variable keyword arguments."
What is Python import statement?,"Used to include modules or packages in Python scripts."
What is Python __name__ variable?,"Indicates whether a script is run directly or imported as a module."
What is Python __main__?,"Block executed when script runs directly, not when imported."
What is Python metaclass?,"Class controlling behavior of other classes during creation."
What is Python mixin class?,"Class providing reusable methods to other classes through multiple inheritance."
What is Python monkey patching?,"Dynamically modifying classes or modules at runtime."
What is Python abstract class?,"Class that cannot be instantiated, defined using abc module and @abstractmethod."
What is Python interface?,"Class specifying methods that must be implemented by subclasses (via abstract base classes)."
What is Python multiple inheritance?,"Class inherits from multiple parent classes."
What is Python super() function?,"Used to call a method from the parent class in inheritance."
What is Python method resolution order (MRO)?,"Order in which Python looks for methods in a class hierarchy."
What is Python property() function?,"Creates managed attributes with getter, setter, and deleter methods."
What is Python dataclass?,"Decorator @dataclass automatically generates init, repr, eq, and other methods."
What is Python slots?,"__slots__ prevents dynamic creation of attributes to save memory."
What is Python closure?,"Function capturing variables from enclosing scope, retaining state."
What is Python recursion?,"Function calling itself directly or indirectly."
What is Python tail recursion?,"Recursive call as the last operation; Python does not optimize tail recursion."
What is Python concurrency?,"Running multiple tasks at the same time using threads, async, or processes."
What is Python async/await?,"Asynchronous programming syntax for IO-bound tasks."
What is Python asyncio module?,"Library for writing asynchronous code with event loops, coroutines, and tasks."
What is Python await keyword?,"Pauses coroutine until awaited coroutine finishes."
What is Python event loop?,"Core loop managing asynchronous tasks and coroutines."
What is Python queue.Queue()?,"Thread-safe queue for inter-thread communication."
What is Python multiprocessing.Queue()?,"Queue to exchange data between separate processes."
What is Python threading vs multiprocessing?,"Threading: multiple threads in same process; Multiprocessing: separate processes for true parallelism."
What is Python GIL?,"Global Interpreter Lock allows only one thread to execute Python bytecode at a time."
What is Python logging levels?,"DEBUG, INFO, WARNING, ERROR, CRITICAL."
What is Python contextlib module?,"Provides utilities for creating and using context managers."
What is Python namedtuple?,"Immutable lightweight object similar to a class with named fields."
What is Python deque?,"Double-ended queue from collections module supporting fast append and pop from both ends."
What is Python Counter?,"Specialized dict for counting hashable objects."
What is Python defaultdict?,"Dictionary providing default values for missing keys."
What is Python OrderedDict?,"Dictionary that maintains insertion order (pre-3.7)."
What is Python heapq module?,"Implements heap queue algorithms for priority queues."
What is Python bisect module?,"Implements binary search and insertion in sorted lists."
What is Python weakref module?,"Creates references that do not prevent garbage collection."
What is Python memoryview?,"Access buffer of objects without copying data for efficient memory usage."
What is Python pickle vs shelve?,"Pickle: serializes objects; Shelve: persistent storage using pickle internally."
What is Python iterator protocol?,"Object must implement __iter__() and __next__() methods."
What is Python callable()?,"Checks if an object can be called like a function."
What is Python hasattr(), getattr(), setattr()?,"Functions to check, retrieve, and set attributes dynamically."
What is Python exec()?,"Executes dynamically generated Python code."
What is Python eval()?,"Evaluates a Python expression and returns result."
What is Python type hinting?,"Optional annotations specifying variable and function types for static checking."
What is Python mypy?,"Static type checker for Python code using type hints."
What is Python virtual environment?,"Isolated Python environment with separate package installations."
What is Python pip?,"Package installer for Python libraries and dependencies."
What is Python requirements.txt?,"File listing packages and versions required for a project."

Question,Answer
What is Python recursion?,"Function calling itself to solve a smaller instance of the problem."
What is factorial in Python?,"Multiplying all positive integers up to n: n! = n*(n-1)*...*1."
How to implement Fibonacci sequence in Python?,"Using recursion, iteration, or dynamic programming to generate numbers."
What is Python memoization?,"Optimization technique storing results of expensive function calls to reuse later."
What is Python dynamic programming?,"Solving problems by breaking them into subproblems and storing results to avoid recomputation."
How to reverse a string in Python?,"Using slicing s[::-1] or ''.join(reversed(s))."
How to check if a string is palindrome in Python?,"Compare string with its reverse: s == s[::-1]."
How to remove duplicates from a list in Python?,"Convert list to set: list(set(lst)) or use dict.fromkeys(lst)."
How to find the maximum in a list in Python?,"Use max(lst) function."
How to find the minimum in a list in Python?,"Use min(lst) function."
How to sort a list in Python?,"Use sorted(lst) or lst.sort() for in-place sorting."
How to sort a list of tuples by second element?,"Use sorted(lst, key=lambda x: x[1])."
What is Python stack?,"LIFO (Last In First Out) data structure implemented using list or collections.deque."
What is Python queue?,"FIFO (First In First Out) data structure implemented using queue.Queue or collections.deque."
How to implement stack using list in Python?,"Use append() for push and pop() for pop operations."
How to implement queue using list in Python?,"Use append() for enqueue and pop(0) for dequeue (less efficient)."
What is Python linked list?,"Data structure where nodes contain data and reference to the next node."
How to implement singly linked list in Python?,"Define Node class and link nodes using next pointers."
How to implement doubly linked list in Python?,"Node class with next and prev pointers for bi-directional traversal."
What is Python set?,"Unordered collection of unique elements."
How to perform set operations in Python?,"Union, intersection, difference, symmetric difference using set methods."
What is Python dictionary?,"Key-value mapping structure with fast lookup."
How to merge two dictionaries in Python?,"Use dict.update() or {**dict1, **dict2}."
What is Python heap?,"Binary heap for priority queue operations, implemented with heapq module."
What is Python binary search?,"Efficient search on sorted list by repeatedly dividing search space in half."
How to implement binary search in Python?,"Use iterative or recursive approach comparing middle element with target."
What is Python linear search?,"Sequentially checking each element until the target is found."
What is Python recursion depth?,"Maximum level of nested recursive calls; default limit is 1000 (sys.getrecursionlimit())."
How to detect recursion in Python?,"Track function calls using stack or maintain visited set."
What is Python algorithm complexity?,"Time and space analysis of algorithm using Big O notation."
What is Big O notation?,"Describes worst-case growth of algorithm runtime or memory usage."
What is Python bubble sort?,"Simple sorting algorithm comparing adjacent elements repeatedly."
What is Python insertion sort?,"Sorting by inserting elements in the correct position in the sorted part."
What is Python selection sort?,"Sorting by selecting the minimum element and swapping it to the correct position."
What is Python merge sort?,"Divide-and-conquer sorting algorithm recursively merging sorted halves."
What is Python quick sort?,"Divide-and-conquer sorting using pivot to partition elements."
What is Python hash table?,"Data structure mapping keys to values using hash functions."
What is Python hash function?,"Function computing an integer (hash) from a key for fast access."
What is Python collision handling?,"Techniques to resolve hash collisions: chaining, open addressing."
What is Python binary tree?,"Hierarchical data structure with nodes having left and right children."
What is Python BST (Binary Search Tree)?,"Binary tree where left child < parent < right child."
How to traverse binary tree in Python?,"Preorder, Inorder, Postorder using recursion or stack."
What is Python depth-first search (DFS)?,"Algorithm exploring a path as deep as possible before backtracking."
What is Python breadth-first search (BFS)?,"Algorithm exploring neighbors level by level using queue."
What is Python graph representation?,"Adjacency list, adjacency matrix, or edge list."
How to detect cycle in Python graph?,"Use DFS with visited set or union-find algorithm."
What is Python topological sort?,"Ordering of DAG nodes such that for every edge u->v, u comes before v."
What is Python dynamic array?,"Resizable array implemented as list in Python."
What is Python tuple vs list?,"Tuple is immutable, list is mutable."
What is Python deque?,"Double-ended queue from collections module supporting fast append and pop at both ends."
What is Python priority queue?,"Queue where elements are served based on priority using heapq or queue.PriorityQueue."
What is Python recursion vs iteration?,"Recursion: function calls itself; Iteration: repeated loop execution."
How to reverse a linked list in Python?,"Iteratively or recursively reverse node pointers."
How to detect loop in linked list in Python?,"Use Floyd’s cycle-finding algorithm (tortoise and hare)."
What is Python decorator?,"Function modifying another function without changing its code."
What is Python @staticmethod?,"Method that does not receive instance or class automatically."
What is Python @classmethod?,"Method that receives class as first argument."
What is Python singleton pattern?,"Design pattern ensuring only one instance of a class exists."
What is Python factory pattern?,"Design pattern to create objects without specifying exact class."
What is Python observer pattern?,"Design pattern allowing objects to subscribe and receive updates from another object."
What is Python strategy pattern?,"Design pattern defining interchangeable algorithms for a task."
What is Python context manager?,"Object managing resource setup and cleanup via __enter__ and __exit__."
What is Python with statement?,"Simplifies resource handling using context managers."
What is Python exception handling?,"Using try-except-finally to manage runtime errors."
What is Python try-except-else?,"Else block executes only if no exception occurs."
What is Python assert?,"Checks a condition and raises AssertionError if false."
What is Python logging module?,"Records messages, errors, or debug info in applications."
What is Python unit test?,"Testing framework for writing and running automated tests."
What is Python pytest?,"Popular testing framework supporting fixtures, assertions, and parametrized tests."
What is Python mock?,"Module to replace objects or functions in unit tests for controlled behavior."
What is Python TDD?,"Test-Driven Development: writing tests before implementation."
How to measure execution time in Python?,"Use time module or timeit module for accurate measurement."
What is Python memory profiling?,"Monitoring memory usage using modules like memory_profiler or tracemalloc."
What is Python algorithm optimization?,"Improving time and space efficiency using better data structures or techniques."
What is Python recursion optimization?,"Using memoization or converting recursion to iteration."
What is Python decorator chaining?,"Applying multiple decorators on a function sequentially."
What is Python lambda vs def?,"lambda: anonymous single-line function; def: named multi-line function."
How to reverse a dictionary in Python?,"Swap keys and values using dict comprehension: {v:k for k,v in dict.items()}."
How to flatten a nested list in Python?,"Use recursion or itertools.chain.from_iterable."
What is Python set vs frozenset?,"Set is mutable; frozenset is immutable."
What is Python slicing vs indexing?,"Indexing accesses single element; slicing accesses a range of elements."
What is Python map vs list comprehension?,"map applies function; comprehension creates new list concisely."
What is Python filter vs list comprehension?,"filter filters iterable; comprehension can also filter with condition."
What is Python reduce vs accumulate?,"reduce produces single value; accumulate returns running totals."
What is Python deque rotation?,"Rotate elements in deque using deque.rotate(n)."
What is Python string formatting?,"Insert variables into strings using f-string, format(), or % operator."
What is Python regex module?,"re module for pattern matching in strings."
What is Python compile(), match(), search() in regex?,"compile(): compile pattern; match(): check start; search(): check anywhere."

#Java
Question,Answer
What is Java?,"High-level, object-oriented, platform-independent programming language."
What are key features of Java?,"Object-oriented, platform-independent, robust, secure, multithreaded, high performance."
What is JVM?,"Java Virtual Machine that executes Java bytecode."
What is JRE?,"Java Runtime Environment containing JVM and libraries to run Java programs."
What is JDK?,"Java Development Kit containing JRE and development tools like compiler."
What is the difference between JDK, JRE, and JVM?,"JDK: Development tools; JRE: Runtime environment; JVM: executes bytecode."
What is bytecode?,"Intermediate representation of Java code executed by JVM."
What is class in Java?,"Blueprint for creating objects containing attributes and methods."
What is object in Java?,"Instance of a class containing state and behavior."
What is method in Java?,"Function defined inside a class that performs a task."
What is constructor in Java?,"Special method called when an object is created to initialize it."
What is the difference between constructor and method?,"Constructor initializes objects; method performs actions."
What is inheritance in Java?,"Mechanism where a class acquires properties and methods of another class."
What is polymorphism in Java?,"Ability to take many forms; includes method overloading and overriding."
What is encapsulation in Java?,"Wrapping data and methods in a class and controlling access via access modifiers."
What is abstraction in Java?,"Hiding implementation details using abstract classes or interfaces."
What is interface in Java?,"Blueprint for classes; contains abstract methods to be implemented by classes."
What is abstract class in Java?,"Class that cannot be instantiated and can contain abstract and concrete methods."
What is method overloading in Java?,"Same method name with different parameter types or counts in the same class."
What is method overriding in Java?,"Subclass provides specific implementation of a method already defined in parent class."
What is super keyword in Java?,"Reference to parent class object used to access parent members."
What is this keyword in Java?,"Reference to current object of a class."
What is static keyword in Java?,"Belongs to class rather than instances; shared across all objects."
What is final keyword in Java?,"Used to declare constants, prevent inheritance, or prevent method overriding."
What is instanceof keyword in Java?,"Tests whether an object is an instance of a specific class or subclass."
What is Java data types?,"Primitive: int, float, double, char, boolean; Non-primitive: String, arrays, classes."
What is Java array?,"Container storing fixed-size elements of same data type."
What is Java string?,"Immutable sequence of characters."
What is difference between String, StringBuilder, and StringBuffer?,"String: immutable; StringBuilder: mutable, not thread-safe; StringBuffer: mutable, thread-safe."
What is Java operator?,"Symbols performing operations: arithmetic, logical, comparison, bitwise, assignment."
What is Java loop?,"Used to execute code repeatedly: for, while, do-while."
What is Java exception?,"Event occurring during program execution that disrupts normal flow."
What is checked vs unchecked exception?,"Checked: must be handled at compile-time; Unchecked: runtime exceptions."
What is try-catch-finally block in Java?,"Used to handle exceptions and execute code regardless of exception."
What is throw vs throws in Java?,"throw: throw an exception; throws: declare exceptions a method may throw."
What is Java package?,"Namespace for organizing classes and interfaces."
What is import statement in Java?,"Used to access classes from packages."
What is Java access modifier?,"Controls visibility: private, default, protected, public."
What is Java static import?,"Allows using static members without class reference."
What is Java collection framework?,"Predefined classes and interfaces for storing and manipulating data: List, Set, Map, Queue."
What is List in Java?,"Ordered collection allowing duplicates: ArrayList, LinkedList."
What is Set in Java?,"Unordered collection with unique elements: HashSet, LinkedHashSet, TreeSet."
What is Map in Java?,"Collection of key-value pairs: HashMap, LinkedHashMap, TreeMap."
What is Queue in Java?,"FIFO data structure: PriorityQueue, LinkedList."
What is Iterator in Java?,"Interface to traverse collection elements."
What is Iterable interface in Java?,"Implemented by collection classes to provide iterator."
What is Java ArrayList vs LinkedList?,"ArrayList: fast random access, slow insertion; LinkedList: fast insertion, slow random access."
What is HashMap vs TreeMap?,"HashMap: unordered, fast lookup; TreeMap: ordered by keys, slower."
What is Java synchronization?,"Controlling access to shared resources in multithreaded programs."
What is Java thread?,"Independent path of execution within a program."
What is Runnable interface in Java?,"Functional interface implemented by classes to define thread logic."
What is Thread class in Java?,"Represents a thread; can be extended to create a new thread."
What is difference between extending Thread and implementing Runnable?,"Runnable allows multiple inheritance and separation of logic; Thread subclassing couples logic with thread."
What is Java deadlock?,"Situation where two or more threads are blocked waiting for each other indefinitely."
What is Java multithreading?,"Executing multiple threads concurrently to improve performance."
What is thread priority in Java?,"Integer value (1–10) indicating thread importance."
What is thread lifecycle in Java?,"New, Runnable, Running, Waiting, Timed Waiting, Terminated."
What is Java volatile keyword?,"Ensures visibility of shared variable updates across threads."
What is Java synchronized block?,"Blocks code for exclusive access by one thread."
What is Java wait vs sleep?,"wait(): releases lock, used in synchronization; sleep(): pauses thread, retains lock."
What is Java notify vs notifyAll?,"notify(): wakes one waiting thread; notifyAll(): wakes all waiting threads."
What is Java garbage collection?,"Automatic memory management reclaiming unused objects."
What is Java finalize() method?,"Called by GC before object destruction for cleanup (deprecated in Java 9+)."
What is Java weak reference?,"Reference that does not prevent object from being garbage collected."
What is Java enum?,"Special class representing fixed set of constants."
What is Java annotation?,"Metadata providing information about code: @Override, @Deprecated, @FunctionalInterface."
What is Java generics?,"Allow classes, interfaces, and methods to operate on types specified as parameters."
What is Java wildcard in generics?,"Represents unknown type: ?, ? extends T, ? super T."
What is Java lambda expression?,"Concise way to implement functional interfaces using (parameters) -> expression."
What is Java functional interface?,"Interface with single abstract method; can be implemented using lambda."
What is Java Stream API?,"API for functional-style operations on collections and data sequences."
What is map() in Java Stream?,"Applies a function to each element and returns a new Stream."
What is filter() in Java Stream?,"Filters elements based on a predicate."
What is reduce() in Java Stream?,"Aggregates elements into a single result."
What is Optional in Java?,"Container object to represent presence or absence of value, avoiding null checks."
What is Java I/O?,"Input/Output handling using java.io and java.nio packages."
What is FileInputStream vs FileReader?,"FileInputStream: reads bytes; FileReader: reads characters."
What is Java serialization?,"Converting object to byte stream for storage or transmission."
What is Java transient keyword?,"Prevents variable from being serialized."
What is Java socket programming?,"Communication between programs over network using java.net package."
What is Java JDBC?,"Java Database Connectivity API to connect and execute queries with databases."
What is Java PreparedStatement?,"Precompiled SQL statement for security and performance."
What is difference between Statement and PreparedStatement?,"PreparedStatement is precompiled and prevents SQL injection; Statement is general query execution."
What is Java reflection?,"Ability to inspect and modify classes, methods, and fields at runtime."
What is Java dynamic proxy?,"Creates proxy instance at runtime to intercept method calls."
What is Java design patterns?,"Reusable solutions to common software design problems: Singleton, Factory, Observer, Strategy."
What is Singleton pattern in Java?,"Ensures only one instance of a class exists."
What is Factory pattern in Java?,"Creates objects without specifying exact class type."
What is Observer pattern in Java?,"Defines one-to-many dependency between objects for automatic updates."
What is Strategy pattern in Java?,"Encapsulates interchangeable algorithms within a class structure."
What is Java memory management?,"Automatic GC, heap and stack allocation, and object lifecycle."
What is Java stack vs heap memory?,"Stack: stores local variables, method calls; Heap: stores objects and instance variables."
What is Java strong, soft, weak, phantom references?,"Strong: normal references; Soft: GC if memory needed; Weak: GC aggressively; Phantom: post-GC cleanup."
What is Java classloader?,"Loads classes at runtime into JVM: Bootstrap, Extension, System."
What is Java static block?,"Code block executed when class is loaded; used for initialization."
What is Java finalizer vs Cleaner?,"Finalizer: deprecated object cleanup; Cleaner: safer alternative for post-GC cleanup."
What is Java module system?,"Introduced in Java 9 to encapsulate packages and manage dependencies."

Question,Answer
What is Java concurrency?,"Executing multiple tasks simultaneously using threads and concurrent utilities."
What is Java multithreading?,"Ability to run multiple threads in parallel within a single program."
What is Java Thread class?,"Represents a thread of execution in Java, can be extended to create a thread."
What is Runnable interface?,"Functional interface used to define code executed by a thread."
What is Callable interface?,"Interface representing tasks returning a result and throwing exceptions."
What is Future in Java?,"Represents result of an asynchronous computation."
What is ExecutorService in Java?,"Framework to manage and control thread pools and asynchronous tasks."
What is thread pool in Java?,"Group of reusable threads managed to execute tasks efficiently."
What is synchronized keyword in Java?,"Ensures mutual exclusion when accessing shared resources."
What is volatile keyword in Java?,"Ensures visibility of changes to variables across threads."
What is Java deadlock?,"Situation where two or more threads wait indefinitely for each other to release resources."
What is Java livelock?,"Threads actively respond to each other but cannot make progress."
What is Java starvation?,"Thread is unable to gain regular access to resources and waits indefinitely."
What is Java ThreadLocal?,"Creates variables local to each thread to avoid synchronization."
What is Java ReentrantLock?,"Lock with advanced features like fairness, tryLock, and interruptible lock acquisition."
What is Java ReadWriteLock?,"Lock providing separate read and write locks for better concurrency."
What is Java CountDownLatch?,"Synchronizer that waits for a count to reach zero before proceeding."
What is Java CyclicBarrier?,"Synchronizer that allows threads to wait at a barrier until all reach it."
What is Java Semaphore?,"Controls access to shared resources using permits."
What is Java Phaser?,"Flexible synchronization barrier allowing dynamic number of threads."
What is Java ConcurrentHashMap?,"Thread-safe map supporting high concurrency for read/write operations."
What is Java CopyOnWriteArrayList?,"Thread-safe list where updates create a new copy of underlying array."
What is Java BlockingQueue?,"Queue supporting operations that wait for space or elements."
What is Java LinkedBlockingQueue?,"Blocking queue implemented with linked nodes."
What is Java ArrayBlockingQueue?,"Blocking queue backed by a fixed-size array."
What is Java PriorityBlockingQueue?,"Blocking queue that orders elements according to their priority."
What is Java Stream API?,"Functional-style API for processing sequences of elements with operations like map, filter, reduce."
What is map() in Java Stream?,"Transforms each element of the stream into another form."
What is filter() in Java Stream?,"Returns stream containing only elements that match a predicate."
What is reduce() in Java Stream?,"Aggregates elements into a single result using an accumulator function."
What is flatMap() in Java Stream?,"Maps each element to a stream and flattens all streams into one."
What is collect() in Java Stream?,"Collects stream elements into collections like List, Set, Map."
What is forEach() in Java Stream?,"Terminal operation applying a function to each element."
What is sorted() in Java Stream?,"Returns a stream with elements sorted naturally or using comparator."
What is distinct() in Java Stream?,"Returns a stream with duplicate elements removed."
What is limit() in Java Stream?,"Returns stream containing no more than given number of elements."
What is skip() in Java Stream?,"Skips the first n elements and returns the remaining."
What is peek() in Java Stream?,"Intermediate operation for debugging or performing action without changing stream."
What is parallelStream() in Java?,"Executes stream operations concurrently for performance."
What is Optional in Java?,"Container to represent optional value to avoid null pointer exceptions."
What is map vs flatMap in Optional?,"map transforms value; flatMap transforms and flattens nested Optionals."
What is lambda expression in Java?,"Concise representation of anonymous function: (parameters) -> expression."
What is functional interface in Java?,"Interface with single abstract method; can be implemented using lambda."
What is method reference in Java?,"Shortcut to refer existing methods: Class::method or instance::method."
What is constructor reference in Java?,"Method reference to a constructor: Class::new."
What is default method in interface?,"Interface method with implementation using default keyword."
What is static method in interface?,"Interface method defined with static keyword, callable using interface name."
What is Java annotation?,"Metadata providing information about program elements."
What is @Override annotation?,"Indicates that a method overrides a method from superclass or interface."
What is @FunctionalInterface annotation?,"Indicates interface is intended for lambda expressions."
What is @Deprecated annotation?,"Marks code element as outdated and should not be used."
What is @SuppressWarnings annotation?,"Instructs compiler to ignore specified warnings."
What is @SafeVarargs annotation?,"Suppresses unsafe generic array warnings in variable arguments methods."
What is Java reflection?,"Ability to inspect and manipulate classes, methods, fields at runtime."
What is Class.forName() in Java?,"Loads a class at runtime using its fully qualified name."
What is Field, Method, Constructor in Java Reflection?,"Objects representing class fields, methods, and constructors."
What is Java dynamic proxy?,"Creates proxy instance at runtime to intercept method calls."
What is Java Enum?,"Special class representing a fixed set of constants."
What is Java EnumSet?,"High-performance Set implementation for enum types."
What is Java EnumMap?,"Map implementation with enum keys for better performance."
What is Java serialization?,"Converting object to byte stream to save or transfer."
What is Java Externalizable?,"Interface giving control over serialization process with readExternal/writeExternal methods."
What is transient keyword in Java?,"Prevents field from being serialized."
What is Java clone() method?,"Creates a copy of object; shallow copy by default."
What is deep copy vs shallow copy in Java?,"Shallow: copies object references; Deep: copies entire object graph."
What is Java Garbage Collection?,"Automatic memory management reclaiming unused objects."
What is finalize() method in Java?,"Called by GC before object destruction (deprecated in Java 9+)."
What is Java PhantomReference?,"Reference used for post-GC cleanup; object is unreachable but referenced."
What is Java WeakReference?,"Reference that does not prevent garbage collection."
What is Java SoftReference?,"Reference collected only when JVM needs memory."
What is Java Strong reference?,"Normal reference that prevents GC."
What is Java classloader?,"Loads classes at runtime into JVM: Bootstrap, Extension, System."
What is static block in Java?,"Code block executed when class is loaded; used for initialization."
What is Java memory model?,"Defines how threads interact through memory; includes visibility, ordering, atomicity."
What is Java heap vs stack?,"Heap: stores objects; Stack: stores method frames and local variables."
What is Java finalizer vs Cleaner?,"Finalizer deprecated; Cleaner is safer alternative for post-GC cleanup."
What is Java module system?,"Introduced in Java 9 to encapsulate packages and manage dependencies."
What is Java default package?,"Package without name used when no package is declared."
What is Java String pool?,"Special memory area storing unique string literals for reuse."
What is Java intern() method?,"Returns canonical representation from string pool."
What is Java memory leak?,"Objects retained in memory even if no longer used."
What is Java dead code?,"Code that never executes and can be safely removed."
What is Java hotspot compiler?,"JIT compiler optimizing bytecode to native code at runtime."
What is JVM JIT compilation?,"Just-In-Time compilation converts bytecode to machine code for performance."
What is Java escape analysis?,"Analyzes object scope to allocate on stack instead of heap."
What is Java soft references vs weak references?,"Soft collected only under memory pressure; Weak collected during GC."
What is Java phantom reference usage?,"Used for post-mortem cleanup after object GC."
What is Java concurrency vs parallelism?,"Concurrency: multiple tasks making progress; Parallelism: multiple tasks executing simultaneously."

#Html ,css,JSON
Question,Answer
What is HTML?,"HyperText Markup Language used to create the structure of web pages."
What is CSS?,"Cascading Style Sheets used to style and layout web pages."
What is JavaScript?,"Client-side scripting language used to make web pages interactive."
What is DOCTYPE in HTML?,"Declaration specifying HTML version of the document."
What are semantic HTML elements?,"Elements that describe meaning: <header>, <footer>, <article>, <section>."
What is difference between <div> and <span>?,"div: block-level element; span: inline element."
What is HTML5?,"Latest version of HTML with new elements, APIs, and multimedia support."
What is the difference between ID and class in HTML?,"ID is unique per page; class can be used on multiple elements."
What is meta tag in HTML?,"Provides metadata like charset, description, viewport."
What is viewport meta tag?,"Controls layout on mobile devices using width and scale settings."
What is CSS selector?,"Pattern used to select HTML elements for styling."
What is difference between class and ID selectors in CSS?,"Class: .classname; ID: #idname; ID is unique, class reusable."
What is inline, internal, and external CSS?,"Inline: style attribute; Internal: <style> tag; External: separate .css file linked."
What is CSS specificity?,"Rules to determine which CSS rule applies when multiple rules match an element."
What is difference between relative, absolute, fixed, sticky positioning in CSS?,"Relative: relative to itself; Absolute: relative to nearest positioned ancestor; Fixed: relative to viewport; Sticky: toggles between relative and fixed."
What is z-index in CSS?,"Controls stacking order of positioned elements."
What is CSS float?,"Positions element to the left or right allowing text to wrap around it."
What is CSS clear property?,"Specifies which sides of an element should not allow floating elements."
What is box model in CSS?,"Model describing element dimensions: content, padding, border, margin."
What is difference between inline-block and block in CSS?,"Inline-block: behaves like inline but accepts width/height; block: occupies full width."
What is difference between relative, em, rem, px, % in CSS?,"Units for sizing: px: pixels; em: relative to parent font-size; rem: relative to root font-size; %: relative to parent size."
What is CSS pseudo-class?,"Selector representing element state: :hover, :active, :focus."
What is CSS pseudo-element?,"Selector representing part of element: ::before, ::after."
What is CSS transition?,"Smooth change from one style to another over time."
What is CSS animation?,"Keyframe-based animation of elements over time."
What is difference between CSS transform and transition?,"Transform changes element visually; transition animates property change over duration."
What is media query in CSS?,"Applies CSS rules based on device characteristics: width, height, orientation."
What is difference between relative units and absolute units in CSS?,"Relative: em, rem, %; Absolute: px, pt, cm."
What is difference between inline, block, and inline-block elements?,"Inline: no line break; Block: full width; Inline-block: inline but allows width/height."
What is difference between visibility:hidden and display:none in CSS?,"hidden: element invisible but occupies space; none: element removed from layout."
What is pseudo-class :nth-child() in CSS?,"Selects element based on its position among siblings."
What is difference between CSS Grid and Flexbox?,"Flexbox: 1D layout (row/column); Grid: 2D layout (rows & columns)."
What is difference between relative, absolute, fixed positioning in CSS?,"Relative: to itself; Absolute: to nearest positioned ancestor; Fixed: to viewport."
What is difference between relative units and viewport units in CSS?,"Relative: em, rem, %; Viewport: vw, vh based on viewport size."
What is difference between inline style, internal style, and external CSS?,"Inline: style attribute; Internal: <style> in HTML; External: linked .css file."
What is difference between CSS variables and preprocessor variables?,"CSS variable: --var-name, live in runtime; Preprocessor: compile-time (Sass, Less)."
What is HTML form?,"Element to collect user input using input, select, textarea, button."
What is difference between GET and POST method in HTML forms?,"GET: appends data to URL; POST: sends data in request body."
What is difference between localStorage, sessionStorage, and cookies in JS?,"localStorage: persists until cleared; sessionStorage: persists per tab session; cookies: sent to server, limited size."
What is difference between var, let, and const in JS?,"var: function-scoped; let: block-scoped; const: block-scoped, cannot be reassigned."
What is difference between == and === in JS?,"==: equality with type coercion; ===: strict equality without type coercion."
What is closure in JS?,"Function retaining access to variables in its outer scope even after outer function has executed."
What is IIFE in JS?,"Immediately Invoked Function Expression executes as soon as it is defined."
What is difference between function declaration and function expression in JS?,"Declaration: hoisted; Expression: not hoisted."
What is difference between null and undefined in JS?,"null: intentional absence of value; undefined: variable declared but not assigned."
What is difference between call, apply, and bind in JS?,"call: invokes function with arguments; apply: invokes with array of arguments; bind: returns new function with bound context."
What is event delegation in JS?,"Attaching event listener to parent to handle events for child elements."
What is difference between bubbling and capturing in JS events?,"Bubbling: event moves from target up; Capturing: event moves from root down."
What is difference between addEventListener and onclick in JS?,"addEventListener: multiple listeners; onclick: only one listener allowed."
What is difference between ES5 and ES6 in JS?,"ES6: new syntax and features like let/const, arrow functions, classes, modules."
What is arrow function in JS?,"Concise function syntax using =>; does not have its own 'this'."
What is difference between function and arrow function in JS?,"Arrow functions do not have their own 'this' or arguments object."
What is template literal in JS?,"String enclosed in backticks allowing variable interpolation and multi-line strings."
What is destructuring in JS?,"Extracting values from arrays or objects into variables."
What is spread operator in JS?,"Expands iterable elements into individual elements using ... syntax."
What is rest parameter in JS?,"Collects remaining arguments into an array using ... syntax."
What is difference between map, filter, and reduce in JS?,"map: transforms elements; filter: selects elements; reduce: aggregates elements."
What is difference between synchronous and asynchronous in JS?,"Synchronous: executes sequentially; Asynchronous: executes independently of main thread."
What is Promise in JS?,"Object representing future completion or failure of an async operation."
What is async/await in JS?,"Syntax for writing asynchronous code in synchronous style using Promises."
What is event loop in JS?,"Mechanism managing execution of synchronous and asynchronous code."
What is difference between setTimeout and setInterval in JS?,"setTimeout: executes once after delay; setInterval: executes repeatedly at intervals."
What is difference between ES6 class and function constructor in JS?,"class: syntactic sugar with prototype-based inheritance; function constructor: traditional way."
What is difference between prototype and __proto__ in JS?,"prototype: object used for inheritance; __proto__: reference to object's prototype."
What is difference between call stack and task queue in JS?,"Call stack: synchronous execution; Task queue: asynchronous callbacks."
What is difference between HTML attribute and property?,"Attribute: defined in HTML markup; Property: reflected in DOM object."
What is difference between inline, block, and inline-block elements in HTML/CSS?,"Inline: does not start on new line; block: starts on new line; inline-block: inline but allows width/height."
What is difference between relative, absolute, fixed, sticky positioning?,"Relative: relative to itself; Absolute: to nearest positioned ancestor; Fixed: to viewport; Sticky: toggles relative/fixed."
What is CSS pseudo-class vs pseudo-element?,"Pseudo-class: :hover, :first-child; Pseudo-element: ::before, ::after."
What is difference between display:none and visibility:hidden?,"none: element removed from layout; hidden: invisible but occupies space."
What is difference between ID selector and class selector in CSS?,"ID: #id, unique; Class: .classname, reusable."
What is difference between CSS Grid and Flexbox?,"Grid: 2D layout; Flexbox: 1D layout."
What is difference between localStorage and sessionStorage in JS?,"localStorage: persists until cleared; sessionStorage: persists per tab session."
What is difference between var, let, and const in JS?,"var: function-scoped; let: block-scoped; const: block-scoped immutable."
What is difference between == and === in JS?,"==: type coercion; ===: strict equality."
What is difference between null and undefined in JS?,"null: intentional empty value; undefined: not assigned."

Question,Answer
What is the difference between HTML4 and HTML5?,"HTML5 introduces semantic tags, multimedia support, canvas, localStorage, and better API support."
What are semantic HTML elements?,"Elements that describe their meaning: <header>, <footer>, <article>, <section>, <nav>."
What is the difference between <section> and <div>?,"<section> is semantic for a section of content; <div> is generic with no meaning."
What is the difference between <article> and <section>?,"<article> represents self-contained content; <section> is thematic grouping of content."
What is the difference between <span> and <div>?,"<span> is inline, <div> is block-level."
What is the difference between <b> and <strong>?,"<b> is visual bold; <strong> is semantic importance."
What is the difference between <i> and <em>?,"<i> is visual italic; <em> is semantic emphasis."
What is the difference between <ul>, <ol>, and <dl>?,"<ul>: unordered list; <ol>: ordered list; <dl>: definition list."
What is the difference between <form> GET and POST methods?,"GET: sends data in URL; POST: sends data in request body."
What is the difference between <input type=text> and <textarea>?,"text: single-line input; textarea: multi-line input."
What is the difference between <input type=button> and <button>?,"<button> can contain HTML content; <input type=button> cannot."
What is the difference between HTML attribute and property?,"Attribute: defined in HTML markup; Property: reflected in DOM object."
What is difference between HTML inline, block, and inline-block elements?,"Inline: does not start on new line; Block: occupies full width; Inline-block: inline but allows width/height."
What is the difference between absolute, relative, fixed, and sticky positioning in CSS?,"Relative: relative to itself; Absolute: relative to nearest positioned ancestor; Fixed: relative to viewport; Sticky: toggles between relative and fixed."
What is the difference between inline style, internal style, and external CSS?,"Inline: style attribute; Internal: <style> tag in head; External: linked .css file."
What is the difference between id selector and class selector?,"ID: #id, unique; Class: .classname, reusable."
What is the difference between relative, em, rem, px, % units?,"px: pixels; em: relative to parent font-size; rem: relative to root font-size; %: relative to parent size."
What is the difference between CSS pseudo-class and pseudo-element?,"Pseudo-class: :hover, :first-child; Pseudo-element: ::before, ::after."
What is the difference between display:none and visibility:hidden?,"display:none removes element from layout; visibility:hidden keeps space."
What is the difference between inline, inline-block, and block in CSS?,"Inline: no line break; Block: starts on new line; Inline-block: inline but allows width/height."
What is the difference between relative, absolute, fixed, and sticky in CSS positioning?,"Relative: relative to itself; Absolute: to nearest positioned ancestor; Fixed: to viewport; Sticky: toggles between relative/fixed."
What is difference between CSS Grid and Flexbox?,"Grid: 2D layout (rows & columns); Flexbox: 1D layout (row/column)."
What is difference between px, vw, vh, %, em, and rem in CSS?,"px: pixels; vw/vh: viewport units; %: relative to parent; em: relative to parent font-size; rem: relative to root font-size."
What is the difference between relative, absolute, fixed, and sticky in CSS?,"Relative: moves relative to itself; Absolute: moves relative to nearest ancestor; Fixed: stays in viewport; Sticky: scrolls until a threshold."
What is the difference between inline style, internal style, and external CSS?,"Inline: style attribute; Internal: <style> tag; External: linked .css file."
What is difference between hover, active, focus pseudo-classes?,"hover: mouse over element; active: element is being clicked; focus: element is focused via keyboard or click."
What is the difference between rem and em units?,"em: relative to parent; rem: relative to root element."
What is the difference between relative and absolute units in CSS?,"Relative: em, rem, %, vw/vh; Absolute: px, pt, cm."
What is difference between opacity and visibility in CSS?,"opacity: transparency; visibility: element visibility but still occupies space."
What is difference between inline, block, and inline-block in CSS?,"Inline: does not break line; Block: full-width; Inline-block: inline but accepts width/height."
What is the difference between inline, inline-block, and block?,"Inline: flows within text; Block: new line; Inline-block: inline but supports dimensions."
What is difference between inline style, internal style, and external style?,"Inline: style attribute; Internal: <style> in head; External: .css file linked."
What is difference between relative, absolute, fixed, and sticky positioning?,"Relative: relative to itself; Absolute: to nearest ancestor; Fixed: viewport; Sticky: toggles."
What is difference between inline and block elements?,"Inline: flows with text; Block: new line, full width."
What is difference between visibility:hidden and display:none?,"hidden: invisible but occupies space; none: removed from layout."
What is difference between inline, inline-block, and block?,"Inline: inline; Block: full-width; Inline-block: inline with width/height."
What is difference between HTML attribute and property?,"Attribute: HTML markup; Property: DOM object."
What is difference between localStorage, sessionStorage, and cookies?,"localStorage: persists until cleared; sessionStorage: persists per tab; cookies: sent to server, small size."
What is difference between GET and POST in forms?,"GET: appends data to URL; POST: sends data in request body."
What is difference between HTML4 and HTML5?,"HTML5 adds semantic elements, multimedia, canvas, APIs."
What is difference between <b> and <strong>?,"b: visual bold; strong: semantic importance."
What is difference between <i> and <em>?,"i: visual italic; em: semantic emphasis."
What is difference between <div> and <span>?,"div: block; span: inline."
What is difference between <section> and <div>?,"section: semantic grouping; div: generic container."
What is difference between <article> and <section>?,"article: self-contained content; section: thematic grouping."
What is difference between <ul>, <ol>, and <dl>?,"ul: unordered list; ol: ordered list; dl: definition list."
What is difference between <input type=text> and <textarea>?,"text: single line; textarea: multi-line."
What is difference between <input type=button> and <button>?,"button can contain HTML content; input button cannot."
What is difference between var, let, and const in JS?,"var: function-scoped; let: block-scoped; const: block-scoped, immutable."
What is difference between == and === in JS?,"==: type coercion; ===: strict equality."
What is difference between null and undefined in JS?,"null: intentional empty value; undefined: variable not assigned."
What is difference between function declaration and function expression in JS?,"Declaration: hoisted; Expression: not hoisted."
What is difference between call, apply, and bind in JS?,"call: invoke with arguments; apply: invoke with array; bind: returns new function with bound this."
What is difference between synchronous and asynchronous JS?,"Synchronous: executes sequentially; Asynchronous: executes independently."
What is difference between setTimeout and setInterval?,"setTimeout: executes once after delay; setInterval: executes repeatedly."
What is difference between ES5 and ES6?,"ES6 introduces let/const, arrow functions, classes, modules."
What is difference between function and arrow function?,"Arrow functions do not have their own this or arguments object."
What is difference between map, filter, and reduce?,"map: transforms array; filter: selects elements; reduce: aggregates."
What is difference between for...in and for...of?,"for...in: iterates keys; for...of: iterates values."
What is difference between == and ===?,"==: type coercion; ===: strict equality."
What is difference between localStorage and sessionStorage?,"localStorage: persists until cleared; sessionStorage: persists per session."
What is difference between var, let, and const?,"var: function-scoped; let: block-scoped; const: block-scoped, immutable."
What is difference between null and undefined?,"null: intentional absence; undefined: variable not assigned."
What is difference between synchronous and asynchronous?,"Synchronous: sequential; Asynchronous: independent execution."
What is difference between inline, block, and inline-block elements?,"Inline: flows with text; Block: new line; Inline-block: inline with width/height."
What is difference between absolute, relative, fixed, and sticky positioning?,"Relative: relative to itself; Absolute: nearest ancestor; Fixed: viewport; Sticky: toggles."
What is difference between visibility:hidden and display:none?,"hidden: invisible but occupies space; none: removed from layout."
What is difference between inline style, internal style, and external CSS?,"Inline: style attribute; Internal: <style>; External: linked file."
What is difference between CSS Grid and Flexbox?,"Grid: 2D layout; Flexbox: 1D layout."
What is difference between rem and em units?,"em: relative to parent font; rem: relative to root font."
What is difference between px, vw, vh, %, em, and rem?,"px: pixels; vw/vh: viewport units; %: parent size; em: parent font; rem: root font."
What is difference between CSS pseudo-class and pseudo-element?,"Pseudo-class: :hover, :first-child; Pseudo-element: ::before, ::after."
What is difference between hover, active, focus pseudo-classes?,"hover: mouse over; active: being clicked; focus: element focused."
What is difference between HTML attribute and property?,"Attribute: markup; Property: DOM object."
What is difference between GET and POST in forms?,"GET: appends to URL; POST: sends in request body."
What is difference between var, let, and const in JS?,"var: function-scoped; let: block-scoped; const: block-scoped, immutable."
What is difference between == and === in JS?,"==: type coercion; ===: strict equality."
What is difference between null and undefined in JS?,"null: intentional absence; undefined: not assigned."
What is difference between function declaration and function expression in JS?,"Declaration: hoisted; Expression: not hoisted."
What is difference between call, apply, and bind in JS?,"call: invoke; apply: array args; bind: returns new function with bound this."
What is difference between synchronous and asynchronous JS?,"Synchronous: sequential; Asynchronous: independent."
What is difference between setTimeout and setInterval?,"setTimeout: executes once; setInterval: executes repeatedly."
What is difference between ES5 and ES6?,"ES6 introduces let/const, arrow functions, classes, modules."
What is difference between function and arrow function?,"Arrow functions do not have own this."
What is difference between map, filter, and reduce?,"map: transform; filter: select; reduce: aggregate."
What is difference between for...in and for...of?,"for...in: keys; for...of: values."
What is difference between localStorage and sessionStorage?,"localStorage: persists until cleared; sessionStorage: per session."
What is difference between null and undefined?,"null: intentional; undefined: unassigned."
What is difference between call stack and event loop?,"Call stack: synchronous execution; event loop: handles async callbacks."
What is difference between prototype and __proto__?,"prototype: object used for inheritance; __proto__: reference to object's prototype."
What is difference between shallow copy and deep copy?,"Shallow: copies references; Deep: copies objects entirely."
What is difference between HTML4 and HTML5?,"HTML5 adds semantic tags, multimedia, APIs."
What is difference between <b> and <strong>?,"b: visual bold; strong: semantic importance."
What is difference between <i> and <em>?,"i: visual italic; em: semantic emphasis."
What is difference between <div> and <span>?,"div: block; span: inline."

Question,Answer
What is the difference between block, inline, and inline-block elements?,"Block: starts on new line and takes full width; Inline: flows within text; Inline-block: flows inline but allows width and height."
What is the difference between relative, absolute, fixed, and sticky positioning?,"Relative: moves relative to itself; Absolute: relative to nearest positioned ancestor; Fixed: relative to viewport; Sticky: toggles between relative and fixed."
What is the difference between z-index and stacking context?,"z-index controls stacking order; stacking context determines scope of z-index hierarchy."
What is difference between visibility:hidden and display:none?,"hidden: element invisible but occupies space; none: removed from layout."
What is difference between CSS Grid and Flexbox?,"Grid: 2D layout (rows & columns); Flexbox: 1D layout (row or column)."
What is difference between em, rem, px, %, vw, vh units?,"px: pixels; em: relative to parent font-size; rem: relative to root font-size; %: relative to parent; vw/vh: relative to viewport width/height."
What is difference between relative and absolute units in CSS?,"Relative: em, rem, %, vw, vh; Absolute: px, pt, cm."
What is difference between inline style, internal style, and external CSS?,"Inline: style attribute; Internal: <style> in HTML; External: linked .css file."
What is difference between CSS pseudo-class and pseudo-element?,"Pseudo-class: :hover, :focus; Pseudo-element: ::before, ::after."
What is difference between hover, active, and focus pseudo-classes?,"hover: mouse over element; active: element being clicked; focus: element selected or focused via keyboard."
What is difference between relative, absolute, fixed, sticky positioning in CSS?,"Relative: relative to itself; Absolute: to nearest positioned ancestor; Fixed: relative to viewport; Sticky: toggles."
What is difference between inline, block, and inline-block elements?,"Inline: flows within text; Block: new line; Inline-block: inline but allows width/height."
What is difference between visibility:hidden and display:none?,"hidden: invisible but occupies space; none: removed from layout."
What is difference between rem and em?,"em: relative to parent font-size; rem: relative to root font-size."
What is difference between px, vw, vh, %, em, and rem?,"px: pixels; vw/vh: viewport units; %: relative to parent; em: relative to parent font; rem: relative to root font."
What is difference between inline style, internal style, and external CSS?,"Inline: style attribute; Internal: <style> in HTML; External: linked .css file."
What is difference between ID selector and class selector?,"ID: #id, unique; Class: .classname, reusable."
What is difference between HTML attribute and property?,"Attribute: defined in markup; Property: reflected in DOM object."
What is difference between HTML4 and HTML5?,"HTML5 adds semantic elements, multimedia support, canvas, APIs, and localStorage."
What is difference between <b> and <strong>?,"b: visual bold; strong: semantic importance."
What is difference between <i> and <em>?,"i: visual italic; em: semantic emphasis."
What is difference between <div> and <span>?,"div: block-level; span: inline."
What is difference between <section> and <div>?,"section: semantic grouping of content; div: generic container."
What is difference between <article> and <section>?,"article: self-contained content; section: thematic grouping."
What is difference between <ul>, <ol>, and <dl>?,"ul: unordered list; ol: ordered list; dl: definition list."
What is difference between <input type=text> and <textarea>?,"text: single-line input; textarea: multi-line input."
What is difference between <input type=button> and <button>?,"button: can contain HTML content; input button: cannot."
What is difference between GET and POST in forms?,"GET: data in URL; POST: data in request body."
What is difference between localStorage, sessionStorage, and cookies?,"localStorage: persists until cleared; sessionStorage: per tab session; cookies: sent to server."
What is difference between var, let, and const in JS?,"var: function-scoped; let: block-scoped; const: block-scoped, immutable."
What is difference between == and === in JS?,"==: type coercion; ===: strict equality."
What is difference between null and undefined in JS?,"null: intentional empty value; undefined: variable not assigned."
What is difference between function declaration and function expression in JS?,"Declaration: hoisted; Expression: not hoisted."
What is difference between call, apply, and bind in JS?,"call: invokes function with arguments; apply: invokes with array of arguments; bind: returns new function with bound this."
What is difference between synchronous and asynchronous JS?,"Synchronous: sequential execution; Asynchronous: independent execution."
What is difference between setTimeout and setInterval?,"setTimeout: executes once after delay; setInterval: executes repeatedly."
What is difference between ES5 and ES6?,"ES6 introduces let/const, arrow functions, classes, template literals, modules."
What is difference between function and arrow function?,"Arrow functions do not have their own this or arguments object."
What is difference between map, filter, and reduce?,"map: transforms elements; filter: selects elements; reduce: aggregates elements into single value."
What is difference between for...in and for...of?,"for...in: iterates object keys; for...of: iterates iterable values."
What is difference between call stack and event loop?,"Call stack: executes synchronous code; Event loop: manages async callbacks and microtasks."
What is difference between prototype and __proto__?,"prototype: object used for inheritance; __proto__: reference to object's prototype."
What is difference between shallow copy and deep copy?,"Shallow: copies references; Deep: copies entire object recursively."
What is difference between == and === in JS?,"==: compares values with type coercion; ===: compares values and type strictly."
What is difference between null and undefined in JS?,"null: intentional absence of value; undefined: variable not initialized."
What is difference between localStorage and sessionStorage?,"localStorage: persists until cleared; sessionStorage: persists for current session."
What is difference between inline-block and inline elements?,"Inline-block: inline element with width/height; Inline: flows within text only."
What is difference between relative and absolute units in CSS?,"Relative: em, rem, %, vw/vh; Absolute: px, pt, cm."
What is difference between opacity and visibility?,"opacity: transparency; visibility: hidden but still occupies space."
What is difference between overflow: hidden, scroll, auto?,"hidden: content clipped; scroll: adds scrollbar; auto: scrollbar appears if needed."
What is difference between position: relative and margin-left/top?,"relative: moves element relative to its position without affecting flow; margin: shifts element affecting layout."
What is difference between HTML attribute and property?,"Attribute: initial HTML markup; Property: live DOM property reflecting current state."
What is difference between GET and POST?,"GET: parameters in URL, limited length; POST: parameters in body, no size limit."
What is difference between event bubbling and capturing?,"Bubbling: event propagates from target up; Capturing: event propagates from root down."
What is difference between addEventListener and onclick?,"addEventListener: multiple listeners allowed; onclick: single listener overwrites previous."
What is difference between async and defer in script tag?,"async: executes as soon as script is downloaded; defer: executes after HTML parsing."
What is difference between let and var?,"let: block-scoped; var: function-scoped."
What is difference between const and let?,"const: block-scoped, cannot be reassigned; let: block-scoped, can be reassigned."
What is difference between == and ===?,"==: type coercion; ===: strict equality."
What is difference between null and undefined?,"null: intentional absence of value; undefined: variable not assigned."
What is difference between call and apply?,"call: arguments comma-separated; apply: arguments as array."
What is difference between call and bind?,"call: invokes function immediately; bind: returns new function with bound this."
What is difference between for...in and for...of?,"for...in: iterates keys; for...of: iterates values."
What is difference between synchronous and asynchronous JS?,"Synchronous: executes in order; Asynchronous: executes independently."
What is difference between setTimeout and setInterval?,"setTimeout: executes once after delay; setInterval: executes repeatedly at interval."
What is difference between shallow copy and deep copy?,"Shallow: copies references; Deep: copies entire object."
What is difference between template literals and strings?,"Template literals allow interpolation and multi-line strings using backticks."
What is difference between arrow function and normal function?,"Arrow functions do not have their own this or arguments."
What is difference between map(), forEach(), and filter()?,"map: transforms array; forEach: iterates; filter: selects elements."
What is difference between null and undefined?,"null: intentional empty; undefined: not assigned."
What is difference between == and ===?,"==: type coercion; ===: strict equality."
What is difference between call stack and event loop?,"Call stack: executes sync code; Event loop: manages async code."
What is difference between let and var?,"let: block-scoped; var: function-scoped."
What is difference between const and let?,"const: block-scoped, immutable; let: block-scoped, mutable."
What is difference between CSS Grid and Flexbox?,"Grid: 2D layout; Flexbox: 1D layout."
What is difference between relative and absolute units?,"Relative: em, rem, %; Absolute: px, pt, cm."
What is difference between visibility:hidden and display:none?,"hidden: invisible but occupies space; none: removed from layout."
What is difference between inline, block, and inline-block?,"Inline: flows with text; Block: new line; Inline-block: inline with width/height."
What is difference between rem and em?,"em: relative to parent; rem: relative to root."
What is difference between hover, active, and focus?,"hover: mouse over; active: being clicked; focus: selected element."
What is difference between event bubbling and capturing?,"Bubbling: event goes up; Capturing: event goes down."
What is difference between addEventListener and onclick?,"addEventListener: multiple listeners; onclick: single listener."
What is difference between async and defer?,"async: execute as soon as downloaded; defer: execute after HTML parsing."
What is difference between GET and POST?,"GET: URL params; POST: body params."
What is difference between localStorage and sessionStorage?,"localStorage: persists until cleared; sessionStorage: persists for session."
What is difference between null and undefined?,"null: intentional; undefined: unassigned."
What is difference between var, let, and const?,"var: function-scoped; let: block-scoped; const: block-scoped immutable."
